Item Catagory,Item Description,Item Name,Sell
Building Materials,Bagged Sand (Bulk Bag),Jumbo Granite Dust 0-5mm,55
Building Materials,Bagged Sand (Bulk Bag),Jumbo Bag Type 1 Roadstone,49.95
Building Materials,Bagged Sand (Bulk Bag),Jumbo Bag Soft Sand,44.95
Building Materials,Bagged Sand (Bulk Bag),Jumbo Bag Sharp Washed Sand,44.95
Building Materials,Bagged Sand (Bulk Bag),Jumbo Bag Rendering Sand,55
Building Materials,Bagged Sand (Bulk Bag),Jumbo Bag Ballast,44.95
Building Materials,Decorative Stone & Gravel (Bulk Bag),Jumbo Bag Scottish Beach Pebbles 20-30mm,195
Building Materials,Decorative Stone & Gravel (Bulk Bag),Jumbo Bag Flamingo Chippings 14-20mm,195
Building Materials,Decorative Stone & Gravel (Bulk Bag),Jumbo Bag Charcoal Black Slate 40mm,115
Building Materials,Decorative Stone & Gravel (Bulk Bag),Jumbo Bag Polar White 20mm,195
Building Materials,Decorative Stone & Gravel (Bulk Bag),Jumbo Bag Black Ice 20mm,175
Building Materials,Decorative Stone & Gravel (Bulk Bag),Jumbo Plum Slate 40mm,115
Building Materials,Decorative Stone & Gravel (Bulk Bag),Jumbo Bag Cotswold Buff 14-20mm,115
Building Materials,Decorative Stone & Gravel (Bulk Bag),Jumbo Bag 40mm Pea Shingle,60
Building Materials,Decorative Stone & Gravel (Bulk Bag),Jumbo Bag 20mm Pea Shingle,49.95
Building Materials,Decorative Stone & Gravel (Bulk Bag),Jumbo Bag 10mm Pea Shingle,49.95
Building Materials,Top Soil (Bulk Bag),Top Soil (Bulk Bag),60
Building Materials,25Kg Aggregates,25Kg Small 10mm Pea Shingle,2.95
Building Materials,25Kg Aggregates,25Kg Small 20mm Pea Shingle,2.95
Building Materials,25Kg Aggregates,25Kg Small Ballast,2.50
Building Materials,25Kg Aggregates,25Kg Kiln Dried Sand,4.95
Building Materials,25Kg Aggregates,25Kg Small Rendering Sand,2.50
Building Materials,25Kg Aggregates,25Kg Small Sharp Sand,2.50
Building Materials,25Kg Aggregates,25Kg Small Soft Sand,2.50
Building Materials,25Kg Specialised Aggregates,Black Spar - Mitcham Builders Merchants,11.95
Building Materials,25Kg Specialised Aggregates,Canterbury Spar Grade 8,11.95
Building Materials,25Kg Specialised Aggregates,Polar White Spar Grade 8,11.95
Building Materials,25Kg Specialised Aggregates,Perm White Spar (Calcined Flint) Grade 8,11.95
Building Materials,25Kg Specialised Aggregates,Yellow Spade Grade 6,11.95
Building Materials,Aerated Blocks,100mm Thermalite Shield Block 3.6N (120),1.85
Building Materials,Aerated Blocks,140mm Thermalite Shield Block 3.6N (80),2.95
Building Materials,Aerated Blocks,215mm Thermalite Party Wall Block 4.0N (50),3.95
Building Materials,Aerated Blocks,100mm Thermalite Hi-Strength Block 7N (120),2.75
Building Materials,Aerated Blocks,300mm Thermalite T&G Trenchblock Hi-strength 7N,7.95
Building Materials,Concrete Blocks,100MM Dense STD Solid Concrete Block 7.3N VOID (66),1.75
Building Materials,Concrete Blocks,140MM Dense STD Solid Concrete Block 7.3N (44),2.45
Building Materials,Concrete Blocks,215MM Dense STD Hollow Concrete Block 7.3N (38),3.45
Building Materials,Concrete Blocks,100MM Medium Dense Solid Block 7.3N (84),1.95
Building Materials,Block & Beam Flooring,150 x 110 T Beam 4800mm Long,58.86
Building Materials,Block & Beam Flooring,150 x 110 T Beam 3600mm Long,44.09
Building Materials,IBSTOCK,Chailey Hamsey Mixed Stock Commons Brick (370),0.59
Building Materials,IBSTOCK,Parkhouse Marlborough Stock (Offshades) (500),0.79
Building Materials,IBSTOCK,Leicester Red Stock Brick (Offshades) (500),0.79
Building Materials,IBSTOCK,Leicester Weathered Red Brick (Non Best) (500),0.79
Building Materials,IBSTOCK,Ashdown Bexhill Dark Brick - Best Quality (500),1.25
Building Materials,IBSTOCK,Ashdown Bexhill Purple Brick - Best Quality (500),1.25
Building Materials,IBSTOCK,Ashdown Cottage Mixture Brick - Best Quality (500),1.25
Building Materials,Wienerberger,Hurstwood Multi Brick (Non Std) (500),0.79
Building Materials,Wienerberger,Smeed Dean London Stock Brick (500),1.19
Building Materials,Wienerberger,Chartham Multi Stock - Non Std Brick,0.69
Building Materials,Wienerberger,Tabasco Red Multi Brick,0.79
Building Materials,Wienerberger,Tuscan Red Multi Brick,0.79
Building Materials,Wienerberger,Class B Semi Engineering Brick,0.59
Building Materials,Wienerberger,Blue Smooth Perforated Brick,0.99
Building Materials,Wienerberger,Blue Smooth Solid Brick,1.49
Building Materials,Wienerberger,Double Bullnose Solid-Blue Brick,2.95
Building Materials,Wienerberger,Single Bullnose Solid-Blue,2.95
Building Materials,Forterra,Atherstone Red Brick (500),0.89
Building Materials,Forterra,LBC Tudors Brick (390),1.35
Building Materials,Forterra,LBC Sandfaced Brick (390),1.35
Building Materials,Forterra,LBC Rustics Brick (390),1.45
Building Materials,Forterra,LBC Multi Claydens Brick (390),1.25
Building Materials,Forterra,LBC Cotswold Brick (390),1.35
Building Materials,Forterra,LBC Dapple Light Brick (390),1.45
Building Materials,Forterra,LBC Heather Brick (390),1.35
Building Materials,Forterra,LBC Commons Brick (390),1.25
Building Materials,Freshfield Lane,FLB Brick (400),1.19
Building Materials,TBS,Verona Multi Brick (730),0.99
Building Materials,Imperial,Imperial Conservation Yellow Stock Brick 68mm (360),1.35
Building Materials,Imperial,Imperial Reclamation Yellow London Stock Brick 68mm (540),1.95
Building Materials,Cement & Lime,Breedon General Purpose Cement (Weatherproof),6.95
Building Materials,Cement & Lime,Hydralime 25Kg,11.95
Building Materials,Tarmac Macadam,Tarmac Macadam 25Kg,9.95
Building Materials,Cement Dye,Can 1Kg Powder Cement Dye-Buff,7.95
Building Materials,Cement Dye,Can 1Kg Powder Cement Dye-Red,7.95
Building Materials,Cement Dye,Can 1Kg Powder Cement Dye-Black,7.95
Building Materials,Screeding And Floor Levelling Compound,12mm Screed Fibre 910g,10.95
Building Materials,Screeding And Floor Levelling Compound,Levelmaster Self-Levelling Compound 20kg,12.95
Building Materials,Floor Insulation,25mm PIR Insulation 8’X4′,14.95
Building Materials,Floor Insulation,50mm PIR Insulation 8’X4′,20.95
Building Materials,Floor Insulation,70mm PIR Insulation 8’X4′,28.95
Building Materials,Floor Insulation,90mm PIR Insulation 8’X4′,32.95
Building Materials,Floor Insulation,100mm PIR Insulation 8’X4′,34.95
Building Materials,Floor Insulation,120mm PIR Insulation 8’X4′,44.95
Building Materials,Floor Insulation,150mm PIR Insulation 8’X4′,54.95
Building Materials,Floor Insulation,Jablite 75mm 8’X4′,19.95
Building Materials,Floor Insulation,Jablite 125mm 8’X4′,32.95
Building Materials,Floor Insulation,Jablite 100mm 8’X4′,26.95
Building Materials,Floor Insulation,8 X 4 50MM Claylite,15.95
Building Materials,Acoustic Insulation,25mm Superglass Acoustic Partition Insulation Roll (27m2 Per Roll),44.95
Building Materials,Acoustic Insulation,50mm Superglass Acoustic Partition Insulation Roll (15.60m2 Per Roll),44.95
Building Materials,Acoustic Insulation,100mm Superglass Acoustic Partition Insulation Roll (11.40m2 Per Roll),44.95
Building Materials,Acoustic Insulation,100mm Rockwool RWA45 600mm x 1200mm (2.88m2),29.95
Building Materials,Cavity Insulation,90mm Eurowall Insulation 1200x460 Tongue&Groove 4 sides,12.95
Building Materials,Cavity Insulation,75mm Superglass Superwall 36 Cavity Batt 1200mmx455m (5.46m2),32.95
Building Materials,Cavity Insulation,100mm Superglass Superwall 36 Cavity Batt 1200mmx455m (4.37m2),32.95
Building Materials,Cavity Insulation,150mm Superglass Superwall 36 Cavity Batt 1200mmx455m (3.28m2),34.95
Building Materials,Loft Insulation,100mm Superglass Multi-Roll Loft Roll Insulation (12.12m2 Per Roll),29.95
Building Materials,Loft Insulation,150mm Superglass Multi-Roll Loft Roll Insulation (7.71m2 Per Roll),29.95
Building Materials,Loft Insulation,200mm Superglass Multi-Roll Loft Roll Insulation (5.63m2 Per Roll),29.95
Building Materials,Cavity Tray,150mm Cav Frstop 1hrfr Cavity Stop Sock 1200mm,8.95
Building Materials,Cavity Tray,100mm Cav Frstop 1hrfr Cavity Stop Sock 1200mm,5.95
Building Materials,Cavity Tray,100-150 Cav Thermo-loc Platinum Multi Closer 2.4m,14.95
Building Materials,Cavity Tray,50-100 Cav Thermo-loc Platinum Multi Closer 2.4m,11.95
Building Materials,,WEBER Reinforcement Mesh Cloth Standard 50 x 1.0m,95
Building Materials,,WEBEREND OCR One Coat Render 25Kg,12.95
Building Materials,,WEBER Rend-Aid 25Kg TE,35
Building Materials,,WEBER Accelerator Monocouche 20 Litre,65
Building Materials,,Stone Grey Weberpral M Decorative Render 25kg Bag,16.95
Building Materials,,Graphite Weberpral M Decorative Render 25kg Bag,16.95
Building Materials,,Granite Grey Weberpral M Decorative Render 25kg Bag,16.95
Building Materials,,Pearl Grey Weberpral M Decorative Render 25kg Bag,16.95
Building Materials,,Ivory Weberpral M Decorative Render 25kg Bag,16.95
Building Materials,,Silver Pearl Weberpral M Decorative Render 25kg Bag,16.95
Building Materials,,Chalk Weberpral M Decorative Render 25kg Bag,16.95
Building Materials,Plasterboard,12.5mm Standard Plasterboard 2400mm X 1200mm Tapered Edge,9.95
Building Materials,Plasterboard,12.5mm Soundblock Plasterboard T/E 2400mm x 1200mm,14.95
Building Materials,Plasterboard,12.5mm Fire Resistant Plasterboard T/E 2400mm x 1200mm,14.95
Building Materials,Plasterboard,12.5mm Moisture Resistant Plasterboard T/E 2400mm x 1200mm,15.95
Building Materials,Plasterboard,12.5mm Foil Back Vapour Plasterboard T/E 2400mm x 1200mm,14.95
Building Materials,Plasterboard,12.5mm Standard Plasterboard S/E 1800mm x 900mm,6.95
Building Materials,Plasterboard,15mm Soundblock Plasterboard T/E 2400mm x 1200mm,16.95
Building Materials,Plasterboard,15mm Fire Resistant Plasterboard T/E 15mm2400mm x 1200mm,16.95
Building Materials,Plasterboard,8' x 4' x 40mm Thermal EPS Board T/E,27.95
Building Materials,Plasterboard,8' x 4' x 50mm Thermal EPS Board T/E,29.95
Building Materials,Plasterboard,PIR Plasterboard Laminate1200mmx2400mm - 62.5mm,56.95
Building Materials,Plasterboard,PIR Plasterboard Laminate1200mmx2400mm - 37.5mm,46.95
Building Materials,Plaster,Hardwall 25Kg,12.95
Building Materials,Plaster,Bonding Coat 25Kg,12.95
Building Materials,Plaster,Multifinish 25Kg,9.95
Building Materials,Plastering Tape & Adhesive,Roll 900MM X 50M Render Mesh,49.95
Building Materials,Plastering Tape & Adhesive,Dry Wall Adhesive 25Kg,10.95
Building Materials,Plastering Tape & Adhesive,Scrim Tape 45MTR Roll 96mm,7.95
Building Materials,Plastering Tape & Adhesive,Scrim Tape 90MTR Roll 50mm,5.95
Building Materials,Suspended Ceiling Frames & Fixings,MF9 Clips (Per 200),24.95
Building Materials,Suspended Ceiling Frames & Fixings,25mm x 25mm x 0.7 Ceiling Angle 3.6m,3.10
Building Materials,Suspended Ceiling Frames & Fixings,MF7 Primary Channel (Mainbar) 3.6m,4.18
Building Materials,Suspended Ceiling Frames & Fixings,MF6a Perimeter Channel (Perimeter) 3.6m,3.16
Building Materials,Suspended Ceiling Frames & Fixings,MF5 Ceiling Furring 3.6m (Tophat),4.80
Building Materials,Suspended Ceiling Frames & Fixings,Resilient Bar 3m,3.96
Building Materials,Metal Stud Partitioning,72mm U Track 3m,3.90
Building Materials,Metal Stud Partitioning,70mm C Track 3m,4.80
Building Materials,Tile Backing Boards,6mm PrePrimed NoMorePly Board (1200x600x6mm),16.95
Building Materials,Tile Backing Boards,STS Construction Board 2400mm x 1200mm x 12mm,65
Building Materials,Tile Backing Boards,STS Construction Board 1200x800x12mm,16.95
Building Materials,Plastering Fillers,Prem Fill & Finish 15Kg,24.95
Building Materials,GRP,140mm X 21mm Consolidating Paddle Roller,8.50
Building Materials,GRP,70mm X 21mm Consolidating Paddle Roller,6.50
Building Materials,GRP,225mm X 21mm Consolidating Paddle Roller,9.50
Building Materials,GRP,"6"" Fluffy Roller Complete",3.95
Building Materials,GRP,"9"" Fluffy Roller Complete",5.95
Building Materials,GRP,"3"" Fluffy Roller Complete",2.95
Building Materials,GRP,Aqua GRP Resin 20kg,85
Building Materials,GRP,Aqua GRP Resin 10kg,55
Building Materials,GRP,Aqua GRP Top Coat Storm Grey 20kg,95
Building Materials,GRP,Aqua GRP Top Coat Steel Grey 10kg,65
Building Materials,GRP,C1 Universal External Corner,12.95
Building Materials,GRP,Standard Drip Trim 3M (A200),12.95
Building Materials,GRP,C3 Internal Fillet Corner,12.95
Building Materials,GRP,Simulated Lead Trim 3M (C100),12.95
Building Materials,GRP,C3 External Fillet Corner,12.95
Building Materials,GRP,Large Drip Trim 3m (A250),12.95
Building Materials,GRP,Large Raised Edge Trim 3M (B260),12.95
Building Materials,GRP,Angle Fillet Trim 3M (D260),12.95
Building Materials,GRP,Sentinel GRP MS Polymer Sealant Adhesive 290ML,6.50
Building Materials,GRP,5L Sentinel GRP Pure Acetone,25
Building Materials,GRP,100MM X 50MTR Fibre Glass Bandage,25
Building Materials,GRP,Catalyst Dispensing Bottle 80ml,18.95
Building Materials,GRP,Catalyst Dispensing Bottle 15ml,14.95
Building Materials,GRP,Sentinel GRP Catalyst Hardener 5Kg,38.95
Building Materials,GRP,10L GRP Mixing Buckets,4.95
Building Materials,GRP,450Gsm Chopped Strand Mat 30KG Roll (65m2),89
Building Materials,GRP,450Gsm Chopped Strand Mat 16KG Roll (33m2),59
Building Materials,GRP,450Gsm Chopped Strand Mat 15MTR Roll,29
Building Materials,GRP,"4"" Laminating Brushes",4
Building Materials,GRP,"2"" Laminating Brushes",2
Building Materials,Rainwater & Guttering,112mm Half Round Gutter Union Bracket (Black),2.95
Building Materials,Rainwater & Guttering,112mm Half Round Gutter Stopend Outlet (Black),3.95
Building Materials,Rainwater & Guttering,112mm Half Round Gutter Running Outlet (Black),3.95
Building Materials,Rainwater & Guttering,112mm Half Round Gutter Internal Stopend (Black),1.95
Building Materials,Rainwater & Guttering,112mm Half Round Gutter Hopper (Black),12.95
Building Materials,Rainwater & Guttering,112mm Half Round Gutter External Stopend (Black),1.95
Building Materials,Rainwater & Guttering,112mm Half Round Gutter Fascia Bracket (Black),1.50
Building Materials,Rainwater & Guttering,112mm Half Round Gutter 90o Angle (Black),4.95
Building Materials,Rainwater & Guttering,112mm Half Round Gutter 4Mtrs Length (Black),13.95
Building Materials,Rainwater & Guttering,112Mm Half Round Gutter 135o Angle (Black),4.95
Building Materials,Rainwater & Guttering,68mm Round Downpipe RND Connector (Black),2.95
Building Materials,Rainwater & Guttering,68Mm Round Downpipe Connector (Black),2.95
Building Materials,Rainwater & Guttering,68Mm Round Downpipe Clips (Black),1.50
Building Materials,Rainwater & Guttering,68Mm Round Downpipe 90o Bend (Black),3.50
Building Materials,Rainwater & Guttering,68Mm Round Downpipe 45o Bend (Black),3.50
Building Materials,Rainwater & Guttering,68mm Round Downpipe 112.5 Branch (Black),8.95
Building Materials,Rainwater & Guttering,68Mm Round Downpipe 4Mtr (Black),13.95
Building Materials,Rainwater & Guttering,68Mm Downpipe Shoe (Black),2.95
Building Materials,Upvc Fascia & Soffits,300MM Hollow Soffit White 5M (Cladding),19.95
Building Materials,Upvc Fascia & Soffits,Flat Fascia Board 5M-300mm,42.95
Building Materials,Upvc Fascia & Soffits,Flat Fascia Board 5M-225mm,32.95
Building Materials,Upvc Fascia & Soffits,Flat Fascia Board 5M-150mm,22.95
Building Materials,Upvc Fascia & Soffits,PVC Fascia Corner,5.95
Building Materials,Upvc Fascia & Soffits,PVC Fascia Joiner,4.95
Building Materials,Upvc Fascia & Soffits,Lipped Fascia Board 5M-300mm,42.95
Building Materials,Upvc Fascia & Soffits,Lipped Fascia Board 5M-225mm,32.95
Building Materials,Upvc Fascia & Soffits,Lipped Fascia Board 5M-150mm,22.95
Building Materials,Upvc Fascia & Soffits,40Mm X 2.0 White Poly Head Pin,19.95
Building Materials,Upvc Fascia & Soffits,65Mm X 2.0 White Poly Head Pin,19.95
Building Materials,Upvc Fascia & Soffits,Vented Euro Soffit Board 5M-300mm,54.95
Building Materials,Upvc Fascia & Soffits,Vented Euro Soffit Board 5M-225mm,44.95
Building Materials,Upvc Fascia & Soffits,Vented Euro Soffit Board 5M-150mm,34.95
Building Materials,Membrane & Felt,Breathable Felt-75M,64.95
Building Materials,Membrane & Felt,Breathable Felt-50M,34.95
Building Materials,Membrane & Felt,Breathable Felt-15M,19.95
Building Materials,Membrane & Felt,T/O Charcoal Niloflex 5 Sbs Polyster 4.5Kg 8M,44.95
Building Materials,Membrane & Felt,T/O Sbs Niloflex 5 Polyester 4Kg Sand 8M X 1M (Underlay),44.95
Building Materials,Membrane & Felt,Roofing Torch,69.95
Building Materials,Lead Flashing,Code 4 Lead-9 ½”(240mm) Code 4 Lead 3M 15Kg,52.50
Building Materials,Lead Flashing,Code 4 Lead-9 ½”(240mm) Code 4 Lead 6M 29.5Kg,103.25
Building Materials,Lead Flashing,Code 4 Lead-6″(150mm) Code 4 Lead 3M 9Kg,31.50
Building Materials,Lead Flashing,Code 4 Lead-6″(150mm) Code 4 Lead 6M 18.5Kg,64.75
Building Materials,Lead Flashing,Code 4 Lead-24″(600mm) Code 4 Lead 3M 37Kg,129.50
Building Materials,Lead Flashing,Code 4 Lead-24″(600mm) Code 4 Lead 6M 73.5Kg,257.25
Building Materials,Lead Flashing,Code 4 Lead-18″(450mm) Code 4 Lead 6M 55Kg,192.50
Building Materials,Lead Flashing,Code 4 Lead-12″(300mm) Code 4 Lead 3M 18Kg,63
Building Materials,Lead Flashing,Code 4 Lead-12″(300mm) Code 4 Lead 6M 36.5Kg,127.75
Building Materials,Lead Flashing,Code 3 Lead-9 ½ “(240mm) Code 3 Lead 3M 11Kg,38.50
Building Materials,Lead Flashing,Code 3 Lead-9 ½ “(240mm) Code 3 Lead 6M 21.5Kg,75.25
Building Materials,Lead Flashing,Code 3 Lead-6″(150mm) Code 3 Lead 6M 13.5Kg,47.25
Building Materials,Lead Flashing,Code 3 Lead-6″(150mm) Code 3 Lead 3M 7Kg,24.50
Building Materials,Lead Flashing,Code 3 Lead-24″(600mm) Code 3 Lead 6M 54Kg,189.00
Building Materials,Lead Flashing,Code 3 Lead-18″(450mm) Code 3 Lead 3M 20Kg,70
Building Materials,Lead Flashing,Code 3 Lead-18″(450mm) Code 3 Lead 6M 40.5Kg,141.75
Building Materials,Lead Flashing,Code 3 Lead-12″(300mm) Code 3 Lead 3M 13.5Kg,47.50
Building Materials,Lead Flashing,Code 3 Lead-12″(300mm) Code 3 Lead 6M 27Kg,94.50
Building Materials,Roof Battens,4.8MTR 25X38 Roof Battens Regularised Treated C24,2.31
Building Materials,Roof Battens,4.8MTR 19X38 Roof Battens Regularised Treated C24,1.76
Building Materials,Roof Battens,4.8MTR 2″ X 1″ Roof Battens Regularised Treated C24,3.04
Building Materials,Roof Firrings,"3""-0"" Firrings 3.6 MTR",6.83
Building Materials,Roof Firrings,"3""-0"" Firrings 4.8 MTR",8.44
Building Materials,Roof Firrings,"4""-0"" Firrings 3.6 MTR",8.42
Building Materials,Roof Firrings,"4""-0"" Firrings 4.8 MTR",10.57
Building Materials,Roof Firrings,"6""-0"" Firrings 6 MTR",21.95
Building Materials,Landscape Fabric,492 X 492 X 40mm Ground Grid (4 To A M2),9.50
Building Materials,Landscape Fabric,4M X 11.25M (45M2) STRATACHECK GEOTEXTILE,49.95
Building Materials,Landscape Fabric,4.5M X 100M STRATACHECK GEOTEXTILE,220
Building Materials,Landscape Fabric,1.0M X 14M WEEDCHECK ULTRA,14.95
Building Materials,Landscape Fabric,2.0M X 25M WEEDCHECK ULTRA,39.95
Building Materials,Landscape Fabric,2.0M X 50M WEEDCHECK ULTRA,69.95
Building Materials,Landscape Fabric,1.5M X 100M WEEDCHECK ULTRA,79.95
Building Materials,Underground Drainage,U/G 110Mm Single Socket Pipe 6mtr,27.95
Building Materials,Underground Drainage,U/G 110Mm Single Socket Pipe 3mtr,15.95
Building Materials,Underground Drainage,"U/G Adaptor 6""-4"" (CLAY-PVC)",18.95
Building Materials,Underground Drainage,"U/G Adaptor 6""-6"" (CLAY-PVC)",18.95
Building Materials,Underground Drainage,"U/G Adaptor 6""-6"" (CLAY-CLAY)",18.95
Building Materials,Underground Drainage,"U/G Adaptor 6""-6"" (CAST-PVC)",18.95
Building Materials,Underground Drainage,"U/G Adaptor 4""-4"" (CLAY-PVC)",10.95
Building Materials,Underground Drainage,"U/G Adaptor 4""-4"" (CLAY-CLAY)",10.95
Building Materials,Underground Drainage,"U/G Adaptor 4""-4"" (CAST-PVC)",10.95
Building Materials,Underground Drainage,U/G Chamber Riser 470mm,20.95
Building Materials,Underground Drainage,U/G Chamber Riser 320mm,18.95
Building Materials,Underground Drainage,U/G Chamber Base 470mm,34.95
Building Materials,Underground Drainage,U/G Chamber Base 320mm,28.95
Building Materials,Underground Drainage,U/G 110mm 87.5o Triple Socket Tee Junction,12.95
Building Materials,Underground Drainage,U/G 110MM 30o Bend,4.95
Building Materials,Underground Drainage,U/G 110MM 45o Bend,6.95
Building Materials,Underground Drainage,U/G Chamber Base 470Mm 160Mm Outlet,75
Building Materials,Underground Drainage,U/G Chamber Plastic Cover & Frame-470mm,28.95
Building Materials,Underground Drainage,U/G Chamber Plastic Cover & Frame-320mm,24.95
Building Materials,Underground Drainage,U/G 45o Triple Socket Y Junction-110mm,12.95
Building Materials,Underground Drainage,U/G 110MM 87.5o Bend,6.95
Building Materials,Underground Drainage,U/G 110MM 87.5o Long Radius Bend,21.95
Building Materials,Underground Drainage,U/G 110MM 87.5o Rest Bend,19.95
Building Materials,Underground Drainage,U/G 110MM Access Plug,6.95
Building Materials,Underground Drainage,U/G 110MM Access Bend,11.95
Building Materials,Underground Drainage,U/G 110MM Adjustable Bend 0-90o,18.95
Building Materials,Underground Drainage,U/G 110MM Straight Coupling,3.95
Building Materials,Underground Drainage,U/G 110MM Plain Bottle Gulley With Circular Grid,19.95
Building Materials,Underground Drainage,U/G Rectangle Hopper,12.95
Building Materials,Underground Drainage,U/G Square Hopper With Grid,12.95
Building Materials,Underground Drainage,U/G 110mm Universal Gully Trap,18.95
Building Materials,Underground Drainage,U/G 110mm Socket Plug,4.95
Building Materials,Underground Drainage,U/G 110mm Low Back P-trap,18.95
Building Materials,Underground Drainage,U/G Aluminium Rodding Eye,24.95
Building Materials,Underground Drainage,100MM Land Drain Perforated Coil-50MTR,115
Building Materials,Underground Drainage,100MM Land Drain Perforated Coil-25MTR,75
Building Materials,Underground Drainage,Soakaway Crate 1200mm x 600mm x 400mm (4 To A M3),59.95
Building Materials,Surface Drainage,4ALL BLACK PVC SHALLOW CHANNEL 1 MTR,12.95
Building Materials,Surface Drainage,4ALL GREY SHALLOW CHANNEL 1 MTR,12.95
Building Materials,Surface Drainage,4ALL GALV / METAL SHALLOW CHANNEL 1 MTR,12.95
Building Materials,Surface Drainage,GREY SHALLOW ACC.KIT ( 2 END CAPS + OUTLET ),7.95
Building Materials,Surface Drainage,BLACK SHALLOW ACC.KIT (2 END CAPS + OUTLET),7.95
Building Materials,Surface Drainage,SLOT DRAINAGE CHANNEL 1 METRE LENGTH,15.95
Building Materials,Surface Drainage,ADAPTOR KIT (2x end caps & 110mm outlet connectors),7.95
Building Materials,Surface Drainage,4All Corner Piece & Plastic Grate,10.95
Building Materials,Surface Drainage,4All Corner Piece & Galvanised Grate,10.95
Building Materials,Surface Drainage,4ALL 100x70x1000mm DRAINAGE CHANNEL - METAL GRATING,12.95
Building Materials,Surface Drainage,4ALL 100x70x1000mm DRAINAGE CHANNEL - PLASTIC GRATING,12.95
Building Materials,Reinforcement Products,2Kg Roll Tie Wire,12.95
Building Materials,Reinforcement Products,8mm x 3m Reinforcing Rod,4.95
Building Materials,Reinforcement Products,10mm x 3m Reinforcing Rod,5.95
Building Materials,Reinforcement Products,12mm x 3m Reinforcing Rod,6.95
Building Materials,Reinforcement Products,16mm x 3m Reinforcing Rod,10.95
Building Materials,Reinforcement Products,25mm x 3m Reinforcing Rod,24.95
Building Materials,Reinforcement Products,4.8M x 2.4M D49 Reinforce Mesh,54.95
Building Materials,Reinforcement Products,Mesh Support Spacers 40/50Mm (Concrete),0.50
Building Materials,Reinforcement Products,2M x 3.6M A393 Reinforce Mesh,64.95
Building Materials,Reinforcement Products,2M x 3.6M A142 Reinforce Mesh,24.95
Building Materials,Cable Ducting,ROLL 110MM TWIN WALL DUCTING 50MTR,195
Building Materials,Manhole Covers & Frames,Manhole Cover & Frame 450 Diameter Recessed Square/Round,99
Building Materials,Manhole Covers & Frames,Light Duty Manhole 600x450,30
Building Materials,Manhole Covers & Frames,Double Seal Manhole 600x450x43.5,75
Building Materials,Manhole Covers & Frames,Cast Iron Stop Tap Boxes 125 X 150mm,12.95
Building Materials,Manhole Covers & Frames,Cast Iron Manhole Cover-600X600X40,99
Building Materials,Manhole Covers & Frames,Cast Iron Manhole Cover-600X450X40,89
Building Materials,Manhole Covers & Frames,Block Paving Tray 600x450x80,75
Building Materials,DPC,100mm X 30m Polythene DPC,6.95
Building Materials,DPC,150mm X 30m Polythene DPC,12.95
Building Materials,DPC,225mm X 30m Polythene DPC,18.95
Building Materials,DPC,300mm X 30m Polythene DPC,19.95
Building Materials,DPC,450mm X 30m Polythene DPC,24.95
Building Materials,DPC,600mm X 30m Polythene DPC,29.95
Building Materials,DPC,100mm X 20m Hi-performance Polymeric DPC,16.95
Building Materials,DPC,150mm X 20m Hi-performance Polymeric DPC,29.95
Building Materials,DPC,225mm X 20m Hi-performance Polymeric DPC,35.95
Building Materials,DPC,300mm X 20m Hi-performance Polymeric DPC,39.95
Building Materials,DPC,450mm X 20m Hi-performance Polymeric DPC,54.95
Building Materials,DPC,600mm X 20m Hi-performance Polymeric DPC,64.95
Building Materials,Membranes,Black Vapour Barrier 125Mu 4M X 25M,45.95
Building Materials,Membranes,Clear Polythene 25M X 4M,24.95
Building Materials,Membranes,1200 Gauge DPM 25M X 4M,49.95
Building Materials,Solid Wall,Box Lintel-200 X 900mm,46.25
Building Materials,Solid Wall,Box Lintel-200 X 1200mm,60.33
Building Materials,Solid Wall,Box Lintel-200 X 1500mm,76.79
Building Materials,Solid Wall,Box Lintel-200 X 1800mm,101.17
Building Materials,Solid Wall,Box Lintel-200 X 2100mm,120.43
Building Materials,Solid Wall,Box Lintel-200 X 2400mm,144.54
Building Materials,Solid Wall,Box Lintel-200 X 2700mm,161.82
Building Materials,Solid Wall,Box Lintel-200 X 3000mm,243.62
Building Materials,Solid Wall,Box Lintel-200 X 3300mm,271.51
Building Materials,Solid Wall,Box Lintel-200 X 3600mm,298.02
Building Materials,Solid Wall,Box Lintel-200 X 3900mm,340.90
Building Materials,Solid Wall,Box Lintel-200 X 4200mm,364.47
Building Materials,Solid Wall,Box Lintel-200 X 4800mm,444.89
Building Materials,Cavity Wall,L1/S-100-900mm - Cavity Lintel,41.56
Building Materials,Cavity Wall,L1/S-100-1200mm - Cavity Lintel,54.95
Building Materials,Cavity Wall,L1/S-100-1500mm - Cavity Lintel,67.91
Building Materials,Cavity Wall,L1/S-100-1800mm - Cavity Lintel,83.79
Building Materials,Cavity Wall,L1/S-100-2100mm - Cavity Lintel,101
Building Materials,Cavity Wall,L1/S-100-2400mm - Cavity Lintel,127.86
Building Materials,Cavity Wall,L1/S-100-2700mm - Cavity Lintel,151
Building Materials,Cavity Wall,L1/S-100-3000mm - Cavity Lintel,189.34
Building Materials,Cavity Wall,L1/S-100 3300mm - Cavity Lintel,235.73
Building Materials,Cavity Wall,L1/S-100-3600mm - Cavity Lintel,263.75
Building Materials,Cavity Wall,L1/S-100-3900mm - Cavity Lintel,326.49
Building Materials,Cavity Wall,L1/S-100-4200mm - Cavity Lintel,346.80
Building Materials,Cavity Wall,L1/S-100-4500mm - Cavity Lintel,402.20
Building Materials,Cavity Wall,L1/S-100-4800mm - Cavity Lintel,424
Building Materials,Cavity Wall,L1/S-150-1200mm - Cavity Lintel,92.48
Building Materials,Cavity Wall,L1/S-150-1500mm - Cavity Lintel,115.62
Building Materials,Cavity Wall,L1/S-150-1800mm - Cavity Lintel,138.93
Building Materials,Cavity Wall,L1/S-150-2100mm - Cavity Lintel,179.86
Building Materials,Cavity Wall,L1/S-150-2400mm - Cavity Lintel,272.79
Building Materials,Cavity Wall,L1/S-150-2700mm - Cavity Lintel,305.89
Building Materials,Cavity Wall,L1/S-150-3000mm - Cavity Lintel,329.74
Building Materials,Cavity Wall,L1/S-150-3300mm - Cavity Lintel,368.88
Building Materials,Cavity Wall,L1/S-150-3600mm - Cavity Lintel,405.28
Building Materials,Concrete lintels,100mm x 65mm 600mm - Concrete Lintel,5
Building Materials,Concrete lintels,100mm x 65mm 900mm - Concrete Lintel,7.50
Building Materials,Concrete lintels,100mm x 65mm 1050mm - Concrete Lintel,9
Building Materials,Concrete lintels,100mm x 65mm 1200mm - Concrete Lintel,10
Building Materials,Concrete lintels,100mm x 65mm 1500mm - Concrete Lintel,12.50
Building Materials,Concrete lintels,100mm x 65mm 1800mm - Concrete Lintel,15
Building Materials,Concrete lintels,100mm x 65mm 2100mm - Concrete Lintel,17.50
Building Materials,Concrete lintels,100mm x 65mm 2400mm - Concrete Lintel,20
Building Materials,Concrete lintels,100mm x 65mm 2700mm - Concrete Lintel,22.50
Building Materials,Concrete lintels,140mm x 100mm 600mm - Concrete Lintel,10
Building Materials,Concrete lintels,140mm x 100mm 900mm - Concrete Lintel,17.50
Building Materials,Concrete lintels,140mm x 100mm 1050mm - Concrete Lintel,20
Building Materials,Concrete lintels,140mm x 100mm 1200mm - Concrete Lintel,22.50
Building Materials,Concrete lintels,140mm x 100mm 1500mm - Concrete Lintel,27.50
Building Materials,Concrete lintels,140 x 100mm 1800mm,36
Building Materials,Concrete lintels,140 x 100mm 2100mm,42.50
Building Materials,Concrete lintels,140 x 100mm 2400mm,48
Building Materials,Concrete lintels,140 x 100mm 2700mm,54
Building Materials,Concrete lintels,140mm x 100mm 3000mm - Concrete Lintel,60
Building Materials,Concrete lintels,140mm x 100mm 3300mm - Concrete Lintel,65.95
Building Materials,Concrete lintels,140mm x 100mm 3600mm - Concrete Lintel,72
Building Materials,Concrete lintels,215mm x 65mm 600mm - Concrete Lintel,10
Building Materials,Concrete lintels,215mm x 65mm 900mm - Concrete Lintel,15
Building Materials,Concrete lintels,215mm x 65mm 1050mm - Concrete Lintel,20
Building Materials,Concrete lintels,215mm x 65mm 1200mm - Concrete Lintel,23.50
Building Materials,Concrete lintels,215mm x 65mm 1500mm - Concrete Lintel,30
Building Materials,Concrete lintels,215mm x 65mm 1800mm - Concrete Lintel,35
Building Materials,Concrete lintels,215mm x 65mm 2100mm - Concrete Lintel,40
Building Materials,Concrete lintels,215mm x 65mm 2400mm - Concrete Lintel,45
Building Materials,Concrete lintels,215mm x 100mm 2700mm - Concrete Lintel,85
Building Materials,Concrete lintels,215mm x 100mm 3000mm - Concrete Lintel,95
Building Materials,Concrete lintels,215mm x 100mm 3600mm - Concrete Lintel,115
Building Materials,Padstones,215mm X 140mm X 102mm - Padstone,7.95
Building Materials,Padstones,300mm X 140mm X 102mm - Padstone,10.95
Building Materials,Padstones,440mm X 140mm X 102mm - Padstone,10.95
Building Materials,Padstones,215mm X 140mm X 215mm - Padstone,11.95
Building Materials,Padstones,215mm X 215mm X 102mm - Padstone,12.95
Building Materials,Padstones,330mm X 215mm X 102mm - Padstone,12.95
Building Materials,Padstones,440mm x 215mm x 102mm - Padstone,16.95
Building Materials,Padstones,440mm x 215mm x 140mm - Padstone,22.95
Building Materials,Padstones,440mm X 215mm X 215mm - Padstone,34.95
Building Materials,5 Litre,5L Rubber Bitumen Emulsion,24.95
Building Materials,5 Litre,5L Mould Release Oil,24.95
Building Materials,5 Litre,5 Litre Plasterers Pregrit,10.95
Building Materials,5 Litre,5L Felt Adhesive,19.95
Building Materials,5 Litre,5L Stabilizing Solution,14.95
Building Materials,5 Litre,5L Aluminium Solar Reflective Paint,26.95
Building Materials,5 Litre,5L Integral Waterproofer,10.95
Building Materials,5 Litre,5L SBR,18.95
Building Materials,5 Litre,5L Drive Alive Indian Stone Sealer,24.95
Building Materials,5 Litre,5L Frostproofer & Hardener,10.95
Building Materials,5 Litre,5L Brick & Patio Cleaner,10.95
Building Materials,5 Litre,5L Black Bitumen Paint,18.95
Building Materials,5 Litre,5L Contract PVA,10.95
Building Materials,5 Litre,5L Plasticiser,6.95
Building Materials,10 Litre,10 Litre Plasterers Pregrit,18.95
Building Materials,25 Litre,25L Rubber Bitumen Emulsion,69.95
Building Materials,25 Litre,25L Felt Adhesive,49
Building Materials,25 Litre,25L Integral Waterproofer,39.95
Building Materials,25 Litre,25L Contract PVA,59
Building Materials,25 Litre,25L Plasticiser,24.95
Building Materials,Beads & Mesh,"6"" Expansion Roll 10Mtrs",14.95
Building Materials,Beads & Mesh,"4"" Expansion Roll 10Mtrs",12.95
Building Materials,Beads & Mesh,Chicken Wire 50mm X 900mm X 50m,55
Building Materials,Beads & Mesh,8′ X 2′ Stainless Steel EML Mesh,24.95
Building Materials,Beads & Mesh,8′x2′ EML Mesh,5.95
Building Materials,Beads & Mesh,63mm EML Mesh,10.95
Building Materials,Beads & Mesh,300mm EML Mesh,29.95
Building Materials,Beads & Mesh,225mm EML Mesh,26.95
Building Materials,Beads & Mesh,170mm EML Mesh,18.95
Building Materials,Beads & Mesh,170mm EML Mesh,12.95
Building Materials,Beads & Mesh,Render Stop Bead 3000 X 10mm,2.95
Building Materials,Beads & Mesh,Render Angle Bead 3Mtr Stainless Steel,7.95
Building Materials,Beads & Mesh,Render Angle Bead 3Mtr,1.95
Building Materials,Beads & Mesh,TRuPLAS PVcu-16MM Drip Bead 2.5M Length,3.95
Building Materials,Beads & Mesh,TRuPLAS PVcu-10MM Stop Bead 2.5M Length,3.95
Building Materials,Beads & Mesh,TRuPLAS PVcu-10MM Render Angle Bead 2.5M LengtH,3.95
Building Materials,Beads & Mesh,Perforated Thin Coat Plasternboard Bead 3Mtr,1.95
Building Materials,Beads & Mesh,Bell Bead 3Mtr Stainless Steel,7.95
Building Materials,Beads & Mesh,Bell Bead | Mitcham Builders Merchants,2.95
Building Materials,Wall & Frame Ties,Box Cavity Ties 225mm (250 Per Box),45
Building Materials,Wall & Frame Ties,Helical Bar Grout 3L,59.99
Building Materials,Wall & Frame Ties,Helical Bar Stainless Steel-8mm,6.95
Building Materials,Wall & Frame Ties,Helical Bar Stainless Steel-6mm,4.95
Building Materials,Wall & Frame Ties,Expansion Ties With Sleeve 200mm,0.95
Building Materials,Wall & Frame Ties,Box Cavity Ties-250mm (250 Per Box),60
Building Materials,Wall & Frame Ties,Box Cavity Ties 275mm (250 Per Box),75
Building Materials,Wall & Frame Ties,Wallstarters 2.4mtr Stainless Steel,12.95
Building Materials,Wall & Frame Ties,200x50x2mm Safety Ended Frame Tie,0.60
Building Materials,Wall & Frame Ties,150x50x2mm Safety Ended Frame Tie,0.55
Building Materials,Wall & Frame Ties,100x50x2mm Safety Ended Frame Tie,0.50
Building Materials,Joist Hangers - Masonry,"9""x4"" Joist Hangers Timber To Masonry",3.95
Building Materials,Joist Hangers - Masonry,"9""x3"" Joist Hangers Timber To Masonry",3.95
Building Materials,Joist Hangers - Masonry,"9""x2"" Joist Hangers Timber To Masonry",2.95
Building Materials,Joist Hangers - Masonry,"8""x4"" Joist Hangers Timber To Masonry",3.50
Building Materials,Joist Hangers - Masonry,"8""x3"" Joist Hangers Timber To Masonry",3.50
Building Materials,Joist Hangers - Masonry,"8""x2"" Joist Hangers Timber To Masonry",2.95
Building Materials,Joist Hangers - Masonry,"7""x4"" Joist Hangers Timber To Masonry",2.95
Building Materials,Joist Hangers - Masonry,"7""x2"" Joist Hangers Timber To Masonry",2.50
Building Materials,Joist Hangers - Masonry,"6""x4"" Joist Hangers Timber To Masonry",2.95
Building Materials,Joist Hangers - Masonry,"6""x3"" Joist Hangers Timber To Masonry",2.50
Building Materials,Joist Hangers - Masonry,"6""x2"" Joist Hangers Timber To Masonry",1.95
Building Materials,Joist Hangers - Masonry,"5""x2"" Joist Hangers Timber To Masonry",1.95
Building Materials,Joist Hangers - Masonry,"4""x2"" Joist Hangers Timber To Masonry",1.95
Building Materials,Joist Hangers - Timber To Timber,Truss Clip for Building Projects,0.59
Building Materials,Joist Hangers - Timber To Timber,150mm Long Leg Jiffy Hangers H/D Timber to Timber,5.95
Building Materials,Joist Hangers - Timber To Timber,50mm Long Leg Jiffy Hangers H/D Timber to Timber,3.95
Building Materials,Joist Hangers - Timber To Timber,100mm Long Leg Jiffy Hangers H/D Timber to Timber,4.95
Building Materials,Joist Hangers - Timber To Timber,75mm Jiffy Hangers Timber to Timber,1.50
Building Materials,Joist Hangers - Timber To Timber,50mm Jiffy Hangers Timber to Timber,0.95
Building Materials,Joist Hangers - Timber To Timber,100mm Jiffy Hangers Timber to Timber,1.95
Building Materials,Building Restraint Straps,L Joist Straps-900 x 30 x 5mm H/D,4.95
Building Materials,Building Restraint Straps,Flat Joist Straps-1000 x 30 x 5mm H/D,2.95
Building Materials,Building Restraint Straps,Flat Joist Straps-1000 x 30 x 2.5mm L/D,1.95
Building Materials,Building Restraint Straps,Flat Joist Straps-1200 x 30 x 5mm H/D,3.95
Building Materials,Building Restraint Straps,Flat Joist Straps-1200 x 30 x 2.5mm L/D,2.95
Building Materials,Building Restraint Straps,L Joist Straps-1500 x 30 x 5mm H/D,6.95
Building Materials,Building Restraint Straps,L Joist Straps-1200 x 30 x 2.5mm H/D,3.95
Building Materials,Building Restraint Straps,L Joist Straps-1200 x 30 x 5mm H/D,5.95
Building Materials,Building Restraint Straps,L Joist Straps-900 x 30 x 2.5mm L/D,2.95
Building Materials,Building Restraint Straps,Joist Straps 900 X 100 Twisted H/D,2.95
Building Materials,Building Restraint Straps,Joist Straps 900 X 100 Twisted L/D,2.95
Building Materials,Building Restraint Straps,Fixing Band Roll 10MTR,10.95
Building Materials,Angles & Brackets,Dog Tooth Washers,0.59
Building Materials,Angles & Brackets,L Bracket 90 X 90 X 63 H/D,0.99
Building Materials,Ventilation,Telescopic Adaptor to 4″ Soil Pipe,6.95
Building Materials,Ventilation,Telescopic Vent,4.95
Building Materials,Ventilation,Cavity Wall Weep Vent Clear,0.75
Building Materials,Ventilation,Cavity Wall Weep Vent Red,0.75
Building Materials,Ventilation,Cavity Wall Weep Vent Buff,0.75
Building Materials,Ventilation,L Shape Cavity Weep Vent Red,0.75
Building Materials,Ventilation,L Shape Cavity Weep Vent Buff,0.75
Building Materials,Ventilation,L Shape Cavity Weep Vent Clear,0.75
Building Materials,Ventilation,Retaining Clips Red,0.19
Building Materials,Ventilation,9″X3″ Plastic Air Brick Buff,3.25
Building Materials,Ventilation,9″X3″ Plastic Air Brick Terracotta,3.25
Building Materials,Ventilation,Telescopic Vent Extentions,4.95
Building Materials,Ventilation,"9""x9"" Clay Air Brick Terracotta",18.95
Building Materials,Ventilation,"9""x6"" Clay Air Brick Terracotta",8.95
Building Materials,Ventilation,"9""x3"" Clay Air Brick Terracotta",6.95
Building Materials,Cladding,Midnight Black Hardieplank Cedar 3600x180x8mm,18.95
Building Materials,Cladding,Midnight Black Metaltrim External Corner Profile 3m,39.95
Building Materials,Cladding,Midnight Black Metaltrim Internal Corner Profile 3m,29.95
Building Materials,Cladding,Midnight Black Hardie Paint Edge Coating 1L,29.95
Building Materials,Cladding,Midnight Black Hardiepanel Screws (250) 4.8x38mm,70
Building Materials,Cladding,Anthracite Grey Hardieplank Cedar 3600x180x8mm,18.95
Building Materials,Cladding,Anthracite Grey Metaltrim External Corner Profile 3m,39.95
Building Materials,Cladding,Anthracite Grey Metaltrim Internal Corner Profile 3m,29.95
Building Materials,Cladding,Anthracite Grey Hardie Paint Edge Coating 1L,29.95
Building Materials,Cladding,Anthracite Grey Hardiepanel Screws (250) 4.8x38mm,70
Building Materials,Cladding,Artic White Hardieplank Cedar 3600x180x8mm,18.95
Building Materials,Cladding,Artic White Metaltrim External Corner Profile 3m,39.95
Building Materials,Cladding,Artic White Metaltrim Internal Corner Profile 3m,29.95
Building Materials,Cladding,Artic White Hardie Paint Edge Coating 1L,29.95
Building Materials,Cladding,Artic White Hardiepanel Screws (250) 4.8x38mm,70
Building Materials,Cladding,Starter Strip With Ventilation 3000x25mm,24.95
Building Materials,Cladding,Top Strip With Ventilation 3000x25mm,24.95
Garden and Landscaping,Blockpaving,Pack Marshalls Standard Block Paving 200x100x50 Natural (488 - 9.76m2),150
Garden and Landscaping,Blockpaving,Strand Marshalls Standard Block Paving 200x100x50 Natural (122),40
Garden and Landscaping,Blockpaving,Pack Marshalls Standard Block Paving 200x100x50 Charcoal (488 - 9.76m2),150
Garden and Landscaping,Blockpaving,Strand Marshalls Standard Block Paving 200x100x50 Charcoal (122),40
Garden and Landscaping,Blockpaving,Pack Marshalls Standard Block Paving 200x100x50 Bracken (488 - 9.76m2),150
Garden and Landscaping,Blockpaving,Strand Marshalls Standard Block Paving 200x100x50 Bracken (122),40
Garden and Landscaping,Blockpaving,Pack Marshalls Standard Block Paving 200x100x50 Brindle (488 - 9.76m2),150
Garden and Landscaping,Blockpaving,Strand Marshalls Standard Block Paving 200x100x50 Brindle (122),40
Garden and Landscaping,Blockpaving,Pack Marshalls Standard Block Paving 200x100x50 Buff (488 - 9.76m2),150
Garden and Landscaping,Blockpaving,Strand Marshalls Standard Block Paving 200x100x50 Buff (122),40
Garden and Landscaping,Blockpaving,Strand Marshalls Standard Block Paving 200x100x50 Sunrise (122) (SPECIAL ORDER),150
Garden and Landscaping,Blockpaving,Pack Marshalls Standard Block Paving 200x100x50 Sunrise (488 - 9.76m2) (SPECIAL ORDER),40
Garden and Landscaping,Blockpaving,Drivesett Tegula Block Paving 50mm Project Pack Pennant Grey (9.73m2),275
Garden and Landscaping,Blockpaving,Drivesett Tegula Block Paving 50mm Project Pack Charcoal (9.73m2),275
Garden and Landscaping,Blockpaving,Drivesett Tegula Block Paving 50mm Project Pack Traditional (9.73m2),275
Garden and Landscaping,Blockpaving,Granite Sets 100x100x50 Silver Grey,1.50
Garden and Landscaping,Blockpaving,KL Large 200x127x100mm Long Charcoal,2.95
Garden and Landscaping,Blockpaving,Large External Corners (Charcoal),14.95
Garden and Landscaping,Blockpaving,Small External Corners (Charcoal),14.95
Garden and Landscaping,Blockpaving,KS Small 125x127x100mm long Charcoal,2.50
Garden and Landscaping,Porcelain Paving,Slab Raj Green Porcelain 600 X 900 x 20mm,13.95
Garden and Landscaping,Porcelain Paving,Slab Kandla Grey Porcelain 600 x 900 x 20mm,13.95
Garden and Landscaping,Porcelain Paving,Slab Himalayan White Porcelain 600 x 900 x 20mm,14.95
Garden and Landscaping,Porcelain Paving,Slab Brazilian Black Porcelain 600 x 900 x 20mm,13.95
Garden and Landscaping,Porcelain Paving,Slab Brazilian Grey Porcelain 600 x 900 x 20mm,13.95
Garden and Landscaping,Porcelain Paving,Slab Jupiter Beige Porcelain 600 x 900 x 20mm,14.95
Garden and Landscaping,Porcelain Paving,Slab Jupiter White Porcelain 600 x 900 x 20mm,14.95
Garden and Landscaping,Porcelain Paving,Slab Jupiter Gris Porcelain 600 x 900 x 20mm,14.95
Garden and Landscaping,Porcelain Paving,Slab Jupiter Grey Porcelain 600 x 900 x 20mm,14.95
Garden and Landscaping,Natural Sandstone,SQM Riven Natural Sandstone - Rippon Buff (Single M2),23
Garden and Landscaping,Natural Sandstone,Packs Riven Natural Sandstone - Rippon Buff Patio Pack (18.9M2),450
Garden and Landscaping,Natural Sandstone,SQM Riven Natural Sandstone - Raj Green (Single M2),23
Garden and Landscaping,Natural Sandstone,Packs Riven Natural Sandstone - Raj Green Patio Pack (18.9M2),450
Garden and Landscaping,Natural Sandstone,SQM Riven Natural Sandstone - Kandla Grey (Single M2),23
Garden and Landscaping,Natural Sandstone,Packs Riven Natural Sandstone - Kandla Grey Patio Pack (18.9M2),450
Garden and Landscaping,Natural Sandstone,Slab Riven Natural Sandstone - Kandla Grey 900 x 600 x 22mm,12.95
Garden and Landscaping,Concrete Paving Slabs,Pendle Utility Riven 450x450 - Charcoal,3.95
Garden and Landscaping,Concrete Paving Slabs,Pendle Utility Riven 450x450 - Grey,3.95
Garden and Landscaping,Concrete Paving Slabs,Pendle Utility Riven 450x450 - Buff,3.95
Garden and Landscaping,Concrete Paving Slabs,Textured Utility Paving 450 x 450 - Charcoal,5.95
Garden and Landscaping,Concrete Paving Slabs,Textured Utility Paving 450 x 450 - Grey,5.95
Garden and Landscaping,Concrete Paving Slabs,Textured Utility Paving 450 x 450 - Buff,5.95
Garden and Landscaping,Concrete Paving Slabs,Council Slabs - 600x600x50,8.50
Garden and Landscaping,Concrete Paving Slabs,Council Slabs - 900x600x50,9.50
Garden and Landscaping,Paving Chemicals,25L Path And Patio Seal,90
Garden and Landscaping,Paving Chemicals,5L Path And Patio Seal,18.95
Garden and Landscaping,Paving Chemicals,5L Resiblock Indian Sandstone Sealant (Enhancer or Invisible),95
Garden and Landscaping,Paving Compound,Joint It Sandstone Grout - Dark Grey (20kg),39.95
Garden and Landscaping,Paving Compound,Joint It Sandstone Grout - Black (20kg),39.95
Garden and Landscaping,Paving Compound,ProJoint Porcelain Primer - 20kg,34.95
Garden and Landscaping,Paving Compound,ProJoint RapidFlow Brush In Porcelain Grout 12.5kg-Buff,32.95
Garden and Landscaping,Paving Compound,ProJoint RapidFlow Brush In Porcelain Grout 12.5kg-Light Grey,32.95
Garden and Landscaping,Paving Compound,ProJoint RapidFlow Brush In Porcelain Grout 12.5kg-Mid Grey,32.95
Garden and Landscaping,Paving Compound,ProJoint RapidFlow Brush In Porcelain Grout 12.5kg-Black,32.95
Garden and Landscaping,Paving Compound,ProJoint RapidFlow Brush In Porcelain Grout 12.5kg-Basalt,32.95
Garden and Landscaping,Paving Compound,Joint It Sandstone Grout - Grey (20kg),39.95
Garden and Landscaping,Paving Compound,Joint It Sandstone Grout - Buff (20kg),39.95
Garden and Landscaping,Paving Accessories,Gully Surrounds 9″X9″X6″,14.95
Garden and Landscaping,Featheredge Fencing,6'x4' Featheredge Fence Panel Fully Framed - Pressure Treated Brown,38.95
Garden and Landscaping,Featheredge Fencing,6'x5' Featheredge Fence Panel Fully Framed - Pressure Treated Brown,42.95
Garden and Landscaping,Featheredge Fencing,6'x6' Featheredge Fence Panel Fully Framed - Pressure Treated Brown,44.95
Garden and Landscaping,Featheredge Fencing,1.5M 22×125 Featheredge Brown Treated,1.30
Garden and Landscaping,Featheredge Fencing,1.8M 22×125 Featheredge Brown Treated,1.50
Garden and Landscaping,Featheredge Fencing,Feather Edge Garden Gate-SQ TOP 900mm,75
Garden and Landscaping,Featheredge Fencing,Feather Edge Garden Gate-RND TOP 900mm,75
Garden and Landscaping,Waney Lap Fencing,6'X4' Waney Lap Fence Panel – Autumn Gold,25.95
Garden and Landscaping,Waney Lap Fencing,6'X5' Waney Lap Fence Panel – Autumn Gold,27.95
Garden and Landscaping,Waney Lap Fencing,6'X6' Waney Lap Fence Panel – Autumn Gold,29.95
Garden and Landscaping,Concrete Gravel Boards,"6"" Recessed Concrete Gravel Board 6'",15.95
Garden and Landscaping,Concrete Gravel Boards,"12"" Recessed Concrete Gravel Board 6'",20.95
Garden and Landscaping,Concrete Posts,"4 X 4"" X 1200mm Concrete Spur",18.95
Garden and Landscaping,Concrete Posts,6′ Slotted Concrete Post 1.8M,20.95
Garden and Landscaping,Concrete Posts,8′ Slotted Concrete Post 2.4M,22.95
Garden and Landscaping,Concrete Posts,9′ Slotted Concrete Post 2.7M,25.95
Garden and Landscaping,Concrete Posts,10′ Slotted Concrete Post 3.0M,40
Garden and Landscaping,Concrete Posts,8’ Slotted End Post 2.4M,32.95
Garden and Landscaping,Concrete Posts,9′ Corner Post Slotted 2.7M,53.95
Garden and Landscaping,"Timber Post, Timber Gravel Board & Sleeper",1.8M 22×150 Timber Gravel Board Brown Treated,3.95
Garden and Landscaping,"Timber Post, Timber Gravel Board & Sleeper",3M 22×150 Timber Gravel Board Brown Treated,5.95
Garden and Landscaping,"Timber Post, Timber Gravel Board & Sleeper",200mmx100mm Railway Sleeper Green Treated 2.4MTR,22.95
Garden and Landscaping,"Timber Post, Timber Gravel Board & Sleeper",200mmx100mm Railway Sleeper Brown Treated 2.4MTR,22.95
Garden and Landscaping,"Timber Post, Timber Gravel Board & Sleeper",250mmx125mm Railway Sleeper Green Treated 2.4MTR,32.95
Garden and Landscaping,"Timber Post, Timber Gravel Board & Sleeper",250mmx125mm Railway Sleeper Brown Treated 2.4MTR,32.95
Garden and Landscaping,"Timber Post, Timber Gravel Board & Sleeper",75×75 Arris Rail Brown Treated 3MTR,10.95
Garden and Landscaping,"Timber Post, Timber Gravel Board & Sleeper",1.8M 75×75 Timber Post Brown Treated,7.95
Garden and Landscaping,"Timber Post, Timber Gravel Board & Sleeper",2.4M 75×75 Timber Post Brown Treated,9.95
Garden and Landscaping,"Timber Post, Timber Gravel Board & Sleeper",1.8M 100×100 Timber Post Brown Treated,10.95
Garden and Landscaping,"Timber Post, Timber Gravel Board & Sleeper",2.4M 100×100 Timber Post Brown Treated,14.95
Garden and Landscaping,"Timber Post, Timber Gravel Board & Sleeper",3M 100×100 Timber Post Brown Treated,17.95
Garden and Landscaping,Postcrete,Postcrete 20Kg,6.95
Garden and Landscaping,Fencing Metalwork,Mortice Holder,2.80
Garden and Landscaping,Fencing Metalwork,Fence Clips,0.49
Garden and Landscaping,Fencing Metalwork,B/Jap Padbolt Pp-150mm,6.95
Garden and Landscaping,Fencing Metalwork,B/Jap Padbolt Pp-100mm,5.95
Garden and Landscaping,Fencing Metalwork,Tower Bolt B/Jap Straight-200MMPP,5.95
Garden and Landscaping,Fencing Metalwork,Tower Bolt B/Jap Straight-150MMPP,5.95
Garden and Landscaping,Fencing Metalwork,Tower Bolt B/Jap Straight-100MMPP,2.95
Garden and Landscaping,Fencing Metalwork,Hinge T Med Dty B/Jap 450Mm Pp,6.95
Garden and Landscaping,Fencing Metalwork,Gravel Board Bracket,2.50
Garden and Landscaping,Fencing Metalwork,"Arris Rail Brkts 9""",0.95
Garden and Landscaping,Artificial Grass,Linear Mtr Grass Martinique 40mm (5m Wide),75
Garden and Landscaping,Decorative Walling,Marshalite Walling Pitched-Grey-300x100x65mm,1.75
Garden and Landscaping,Decorative Walling,Marshalite Walling Pitched-Buff-300x100x65mm,1.75
Garden and Landscaping,Coping Stones,5″ X 24″ - Twice Weathered Coping,5.95
Garden and Landscaping,Coping Stones,6.5″ X 24″ - Twice Weathered Coping,6.95
Garden and Landscaping,Coping Stones,11″ X 24″ - Twice Weathered Coping,11.95
Garden and Landscaping,Coping Stones,12″ X 24″ - Twice Weathered Coping,14.95
Garden and Landscaping,Coping Stones,14″ X 24″ - Twice Weathered Coping,16.95
Garden and Landscaping,Coping Stones,16″ X 36″ - Twice Weathered Coping,39.95
Garden and Landscaping,Coping Stones,18” x 36” - Twice Weathered Coping,49.95
Garden and Landscaping,Coping Stones,12″ X 24″ - Once Weathered Coping,14.95
Garden and Landscaping,Coping Stones,14″ X 24″ - Once Weathered Coping,16.95
Garden and Landscaping,Coping Stones,16″ X 36″ - Once Weathered Coping,39.95
Garden and Landscaping,Coping Stones,18” X 36” - Once Weathered Coping,49.95
Garden and Landscaping,Four Way Pier Caps,21x21in 4-Way Weathered Pier Cap 530x530mm,26.95
Garden and Landscaping,Four Way Pier Caps,16x16in 4-Way Weathered Pier Cap 405x405mm,14.95
Garden and Landscaping,Four Way Pier Caps,12x12in 4-Way Weathered Pier Cap 305x305mm,10.95
Garden and Landscaping,Four Way Pier Caps,11x11in 4-Way Weathered Pier Cap 280x280mm,8.95
Garden and Landscaping,Standard Edging,Flat Top Path Edging 50x150x915mm,5.95
Garden and Landscaping,Standard Edging,Half Battered Road Kerb Straight 125x255x915mm,13.95
Garden and Landscaping,Standard Edging,Round Top Path Edging 50x150x915mm,5.95
Garden and Landscaping,Decorative Edging,Victorian Rope Top Edging 590x180x50 Red/Black,18.95
Garden and Landscaping,Decorative Edging,Round Top Edging 600 x 150 x 50mm Buff,5.95
Garden and Landscaping,Decorative Edging,Round Top Edging 600 x 150 x 50mm Grey,5.95
Garden and Landscaping,Decorative Edging,Contour Wavey Edging 600 x 150 x 50mm Buff,5.95
Garden and Landscaping,Composite Decking,Anthracite TherraWood Composite Deck Board 3600x140x26mm,21.95
Garden and Landscaping,Composite Decking,Anthracite TherraWood Composite Deck Trim 3600x140x26x60mm,39.95
Garden and Landscaping,Composite Decking,Anthracite TherraWood Composite Hybrid Plinth 3600x60x8mm,19.95
Garden and Landscaping,Composite Decking,Stone Grey TherraWood Composite Deck Board 3600x140x26mm,21.95
Garden and Landscaping,Composite Decking,Stone Grey TherraWood Composite Deck Trim 3600x140x26x60mm,39.95
Garden and Landscaping,Composite Decking,Stone Grey TherraWood Composite Hybrid Plinth 3600x60x8mm,19.95
Garden and Landscaping,Composite Decking,Hazelnut Brown TherraWood Composite Deck Board 3600x140x26mm,21.95
Garden and Landscaping,Composite Decking,Hazelnut Brown TherraWood Composite Deck Trim 3600x140x26x60mm,39.95
Garden and Landscaping,Composite Decking,Hazelnut Brown TherraWood Composite Hybrid Plinth 3600x60x8mm,19.95
Garden and Landscaping,Composite Decking,Tropical Brown TherraWood Composite Deck Board 3600x140x26mm,21.95
Garden and Landscaping,Composite Decking,Tropical Brown TherraWood Composite Deck Trim 3600x140x26x60mm,39.95
Garden and Landscaping,Composite Decking,Tropical Brown TherraWood Composite Hybrid Plinth 3600x60x8mm,19.95
Garden and Landscaping,Composite Decking,Anthracite TherraWood Composite Deck Hybrid Joist 3600x45x33mm,24.95
Garden and Landscaping,Composite Decking,Anthracite TherraWood Composite Deck Joist 3600x45x33mm,10.95
Garden and Landscaping,Composite Decking,TherraWood Composite Deck Start Up Profile 3600mm Natural,7.50
Garden and Landscaping,Composite Decking,Stainless TherraWood Composite Deck Board Fastener and Screw,38.95
Garden and Landscaping,Composite Decking,Galvanised TherraWood Composite Deck Board Fastener and Screw,19.95
Garden and Landscaping,Composite Decking,37-50mm + 1 Peg TherraWood Universal Pedestal,2.95
Garden and Landscaping,Composite Decking,50-70mm + 1 Peg TherraWood Universal Pedestal,2.95
Garden and Landscaping,Composite Decking,70-105mm + 1 Peg TherraWood Universal Pedestal,3.50
Garden and Landscaping,Composite Decking,105-165mm + 1 Peg TherraWood Universal Pedestal,3.95
Garden and Landscaping,Timber Decking,32 x 150mm decking-4.8m,13.2
Plumbing,,A/G 110MM – 50MM Reducer (Black),8.95
Plumbing,,A/G Three Way Boss Pipe (Black),12.95
Plumbing,,A/G 110Mm Solvent Soil Pipe 3MTR (Black),19.95
Plumbing,,A/G 110MM 90o Bend (Black),10.95
Plumbing,,A/G 110MM Air Admittance Valve (Black),24.95
Plumbing,,A/g 110mm Access Bend (Black),19.95
Plumbing,,A/g 110mm Access Pipe (Black),19.95
Plumbing,,A/G 110mm Access Plug (Black),10.95
Plumbing,,A/G 110mm Access Tee (Black),28.95
Plumbing,,A/G 110Mm Straight Coupling (Black),6.95
Plumbing,,Ag Mushroom Vent Cowl (Black),12.95
Plumbing,,A/G 110MM Pipe Bracket (Black),3.95
Plumbing,,A/G Weathering Slate,36.95
Plumbing,,Solvent Cement,6.95
Plumbing,,A/G 110MM Strap On Boss (Black),6.95
Plumbing,,A/G 110MM Tee Junction (Black),18.95
Plumbing,,A/G 110MM Y Junction (Black),18.95
Plumbing,,20MM MDPE Pipe-50m Blue,58.95
Plumbing,,20MM MDPE Pipe-25m Blue,38.95
Plumbing,,25MM MDPE Pipe-50m Blue,69.95
Plumbing,,25MM MDPE Pipe-25m Blue,44.95
Paint & Decorating,,MC Durable Acrylic Matt Bril White Paint 5L,34.95
Paint & Decorating,,MC Contract Matt Bril White Paint 10L,19.95
Paint & Decorating,,MC Eclipse Emulsion Bril White Paint 10L,29.95
Paint & Decorating,,MC Super Covertex Bril White Paint 10L,22.95
Paint & Decorating,,MC Vinyl Matt Emulsion Bril White Paint 10L,34.95
Paint & Decorating,,MC Vinyl Matt Emulsion Bril White Paint 5L,19.95
Paint & Decorating,,MC Vinyl Silk Bril White Paint 5L,21.95
Paint & Decorating,,MC Vinyl Matt Emulsion Bril White Paint 2.5L,12.95
Paint & Decorating,,MC Vinyl Silk Emulsion Bril White Paint 2.5L,12.95
Paint & Decorating,,MC Satin Finish Bril White Paint 2.5L,19.95
Paint & Decorating,,MC Satin Finish Bril White Paint 1L,12.95
Paint & Decorating,,MC Quick Dry Satin Bril White Paint 5L,39.95
Paint & Decorating,,MC Quick Dry Satin Bril White Paint 2.5L,21.95
Paint & Decorating,,MC Quick Dry Satin Bril White Paint 1L,13.95
Paint & Decorating,,MC Quick Dry Gloss Bril White Paint 5L,39.95
Paint & Decorating,,MC Quick Dry Gloss Bril White Paint 1L,10.95
Paint & Decorating,,MC Gloss Bril White Paint 2.5L,15.95
Paint & Decorating,,MC Gloss Bril White Paint 1L,9.95
Paint & Decorating,,MC Quick Dry Acrylic Primer Undercoat White Paint 5L,29.95
Paint & Decorating,,MC Quick Dry Acrylic Primer Undercoat White Paint 2.5L,17.95
Paint & Decorating,,MC Quick Dry Acrylic Primer Undercoat White Paint 1L,9.95
Paint & Decorating,,MC Undercoat White Paint 5L,24.95
Paint & Decorating,,MC Undercoat White Paint 2.5L,15.95
Paint & Decorating,,MC Undercoat White Paint 1L,9.95
Paint & Decorating,,MC Quick Dry Eggshell Bril White Paint 2.5L,18.95
Paint & Decorating,,MC Eggshell Bril White Paint 5L,38.95
Paint & Decorating,,MC Eggshell Bril White Paint 2.5L,16.95
Paint & Decorating,,MC Eggshell Bril White Paint 1L,10.95
Paint & Decorating,,St Highcover Smooth Bril White 7.5l,28.95
Paint & Decorating,,St Highcover Smooth Bril Black 5l,28.95
Paint & Decorating,,"1"" PRODEC TRADE PRO BRUSH",0.98
Paint & Decorating,,"2"" PRODEC TRADE PRO BRUSH",2.58
Paint & Decorating,,"1.5"" PRODEC TRADE PRO BRUSH",1.58
Paint & Decorating,,"3"" PRODEC TRADE PRO BRUSH",4.98
Paint & Decorating,,3pc PRODEC TRADE PRO BRUSH SET,5.58
Paint & Decorating,,"1"" FFJ DIAMOND PAINT BRUSH",0.98
Paint & Decorating,,"2"" FFJ DIAMOND PAINT BRUSH",2.38
Paint & Decorating,,"2.5"" FFJ DIAMOND PAINT BRUSH",2.98
Paint & Decorating,,"3"" FFJ DIAMOND PAINT BRUSH",3.78
Paint & Decorating,,3pc FFJ DIAMOND BRUSH SET,4.58
Paint & Decorating,,"4"" PRODEC FLAT MASONRY BRUSH",3.38
Paint & Decorating,,"4"" FFJ SHED & FENCE BRUSH",3.58
Paint & Decorating,,"FFJ 7"" PAPERHANGER",3.00
Paint & Decorating,,"2"" PREMIER ANGLED SHORT HANDLE BRUSH",2.98
Paint & Decorating,,6pc TROJAN BRUSH SET INC FREE WOODWORKER,9.58
Paint & Decorating,,4pc POINTED SYNTHETIC SASH BRUSH SET,9.98
Paint & Decorating,,"1.5"" NOOK & CRANNY BRUSH",1.18
Paint & Decorating,,JOB DONE MULTI-PURPOSE BLOCK BRUSH,2.58
Paint & Decorating,,SHORT HANDLE TAR BRUSH,1.98
Paint & Decorating,,"9""x1.75"" TIGER MEDIUM PILE WOVEN REFILL",1.98
Paint & Decorating,,"9""x1.75"" HEAVY DUTY WOVEN REFILL",2.58
Paint & Decorating,,"9""x1.75"" GLOSS PILE REFILL",2.98
Paint & Decorating,,"2pk 4"" TIGER MED PILE MINI ROLLERS",1.58
Paint & Decorating,,"2pk 4"" GLOSS PILE MINI ROLLER REFILLS",1.98
Paint & Decorating,,"2pk 4"" HD FOAM MINI ROLLER REFILLS",1.98
Paint & Decorating,,"9""x1.75"" TIGER ROLLER KIT",5.58
Paint & Decorating,,"9"" MASONRY ROLLER & THREADED FRAME",5.98
Paint & Decorating,,"PRODEC 4"" MINI ROLLER TWIN HEAD KIT",3.58
Paint & Decorating,,"9""x1.75"" SCREW FIT PLASTIC HANDLE FRAME",3.38
Paint & Decorating,,"4"" MINI ROLLER FRAME (10"" LONG)",0.98
Paint & Decorating,,"PRODEC CONT. EXT POLE 3'6""-6'6""",3.98
Paint & Decorating,,"9"" FFJ ROLLER KIT + SPARE HEAD",3.98
Paint & Decorating,,15L BLACK PLASTIC SCUTTLE,5.38
Paint & Decorating,,"9.5"" POLYPROPYLENE TRAY",1.38
Paint & Decorating,,PLASTIC MINI ROLLER TRAY,0.98
Paint & Decorating,,"4"" LONG HANDLE WALL SCRAPER",5.58
Paint & Decorating,,400ml EXTRA STRONG CAULKING GUN,3.58
Paint & Decorating,,"PRODEC 10"" CAULKER",5.58
Paint & Decorating,,4 PACK FILLING BLDS,1.98
Paint & Decorating,,PLASTIC PAINT STIRRER,0.78
Paint & Decorating,,"FFJ 2"" PAINT SCRAPER",1.98
Paint & Decorating,,"FFJ 3"" PAINT SCRAPER",2.78
Paint & Decorating,,"FFJ 2"" FILLING KNF",1.98
Paint & Decorating,,"FFJ 3"" FILLING KNF",2.78
Paint & Decorating,,"FFJ 1.5"" CLIPT PUTTY KNF",2.58
Paint & Decorating,,FFJ SEAM ROLLER,1.98
Paint & Decorating,,"11"" STAINLESS STEEL SCISSORS",3.98
Paint & Decorating,,WINDOW SCRAPER W/BLISTER CARD,1.38
Paint & Decorating,,"4"" BLDS FOR LHWS- PACK OF 10",1.98
Paint & Decorating,,48mm x 50m +50% PRECISION EDGE MSKG TAPE,6.90
Paint & Decorating,,48mm x 50m +50% P/EDGE LOW TACK MSKG TPE,6.90
Paint & Decorating,,36mm x 50m+50% PRECISION EDGE MSKG TAPE,5.00
Paint & Decorating,,36mm x 50m +50% P/EDGE LOW TACK MSKG TPE,5.00
Paint & Decorating,,"1"" MASKING TAPE - 25mm x 50m ROLL",1.38
Paint & Decorating,,"1.5"" MASKING TAPE - 38mm x 50m ROLL",1.78
Paint & Decorating,,"2"" MASKING TAPE - 50mm x 50m ROLL",2.38
Paint & Decorating,,38mm x 50m LOW TACK MASKING TAPE,3.38
Paint & Decorating,,PRODEC 50mm x 50M SILVER DUCT TAPE,5.58
Paint & Decorating,,PRODEC 50mm x 50M BLACK DUCT TAPE,5.58
Paint & Decorating,,PRODEC 50mm WHITE DUCT TAPE,5.58
Paint & Decorating,,PRODEC 60mm x 200m WARNING TAPE,6.58
Paint & Decorating,,60mm x 200m WET PAINT TAPE,5.98
Paint & Decorating,,50mm x 50m BROWN PACKAGING TAPE,1.38
Paint & Decorating,,50mm x 25m DOUBLE SIDED TAPE,3.38
Paint & Decorating,,PRODEC ALI-OXIDE - 40 GRIT (5m),4.38
Paint & Decorating,,PRODEC ALI-OXIDE - 60 GRIT (5m),3.98
Paint & Decorating,,PRODEC ALI-OXIDE - 80 GRIT (5m),3.78
Paint & Decorating,,PRODEC ALI-OXIDE - 120 GRIT (5m),3.58
Paint & Decorating,,PRODEC ALI-OXIDE - 180 GRIT (5m),3.78
Paint & Decorating,,PRODEC ALI-OXIDE - 240 GRIT (5m),4.38
Paint & Decorating,,HAND SANDER TOOL,7.18
Paint & Decorating,,FFJ WET & DRY - ASSORTED (PK5),1.98
Paint & Decorating,,ANGLED FLEXIBLE SANDING BLOCK: FINE/MED,1.38
Paint & Decorating,,ANGLED FLEXIBLE SANDING BLOCK:MED/COARSE,1.38
Paint & Decorating,,STEEL WOOL MIXED RETAIL PACK,1.38
Paint & Decorating,,"""BUDGET"" 4 ROW WIRE BRUSH WITH SCRAPER",1.78
Paint & Decorating,,"PRODEC 10"" WIRE BRUSH",2.58
Paint & Decorating,,PRODEC 12' x 12' POLYTHENE DUST SHEET,1.38
Paint & Decorating,,2m x 50m ROLL POLY DUST SHEET,8.58
Paint & Decorating,,100 SQ M SUPER CLING DUST SHEET,7.50
Paint & Decorating,,50m x 625mm ROLL CARPET PROTECTOR,23.98
Paint & Decorating,,JUMBO PREPARATION SPONGE,2.38
Paint & Decorating,,GENERAL PURPOSE GIANT SPONGE,1.58
Paint & Decorating,,CELLULOSE SPONGE - STANDARD SIZE,2.58
Paint & Decorating,,1 ltr PLASTIC PAINT CAN,1.18
Paint & Decorating,,"2.5 ltr PLASTIC PAINT CAN (7"")",1.58
Paint & Decorating,,UNBRANDED 5 ltr PLASTIC PAINT CAN,1.98
Paint & Decorating,,"7"" PLASTIC LID FOR 7PC PAINT KETTLE",0.58
Paint & Decorating,,400 GRAM STOCKINETTE ROLL,4.98
Paint & Decorating,,LINT FREE POLISHING CLOTHS: 5-PACK,9.98
Paint & Decorating,,ROLL (10) PRODEC REFUSE SACKS,1.98
Paint & Decorating,,PAINTER'S LIGHTWEIGHT GRIPPER GLOVES 9/L,1.18
Paint & Decorating,,PK(1) FFP2 MOULDED VALVED RESPIRATOR,2.58
Paint & Decorating,,PK(1) FFP2 FOLD FLAT VALVED RESPIRATOR,2.58
Paint & Decorating,,ROLL BLUE PAPER TOWEL 150M,4.98
Paint & Decorating,,PK(5 PAIRS) DISPOSABLE PLASTIC OVERSHOES,3.00
Paint & Decorating,,TUB 100 MULTI-PURPOSE WIPES,5.98
Paint & Decorating,,"9"" STIFF DECK SCRUB HEAD: NATURAL FIBRE",3.78
Paint & Decorating,,"9"" SYNTHETIC DECK SCRUB HEAD",4.58
Paint & Decorating,,"9"" HAND SCRUB: LONG NATURAL FIBRE",3.38
Paint & Decorating,,"9"" HAND SCRUB: SHORT NATURAL FIBRE",2.78
"Timber, Doors & Sheet Material",OSB,8'X4' 11mm OSB Board Type 3,12.95
"Timber, Doors & Sheet Material",OSB,8’X4′ 18mm OSB Board Type 3,19.95
"Timber, Doors & Sheet Material",OSB,8’X2′ 18mm OSB T&G,12.95
"Timber, Doors & Sheet Material",Plywood,8'X4' 6mm Hardwood Exterior Ply Class 2,12.95
"Timber, Doors & Sheet Material",Plywood,8'X4' 9mm Hardwood Exterior Ply Class 2,16.95
"Timber, Doors & Sheet Material",Plywood,8'X4' 12mm Hardwood Exterior Ply Class 2,22.95
"Timber, Doors & Sheet Material",Plywood,8'X4' 18mm Hardwood Exterior Ply Class 2,28.95
"Timber, Doors & Sheet Material",Plywood,8'X4' 25mm Hardwood Exterior Ply Class 2,44.95
"Timber, Doors & Sheet Material",Plywood,8’X4′ 12mm Shuttering Ply,18.95
"Timber, Doors & Sheet Material",Plywood,8’X4′ 18mm Shuttering Ply,24.95
"Timber, Doors & Sheet Material","MDF, Hardboard & Protection Sheets",8’x4′ 2mm Correx Sheet,3.95
"Timber, Doors & Sheet Material","MDF, Hardboard & Protection Sheets",8’x4′ 3mm Hardboard Sheets,7.95
"Timber, Doors & Sheet Material","MDF, Hardboard & Protection Sheets",8’X4′ 6mm MDF,14.95
"Timber, Doors & Sheet Material","MDF, Hardboard & Protection Sheets",8’X4′ 12mm MDF,24.95
"Timber, Doors & Sheet Material","MDF, Hardboard & Protection Sheets",8’X4′ 18mm MDF,34.95
"Timber, Doors & Sheet Material","MDF, Hardboard & Protection Sheets",8’X4′ 12mm Moisture Resistant MDF,29.95
"Timber, Doors & Sheet Material","MDF, Hardboard & Protection Sheets",8’X4′ 25mm Moisture Resistant MDF,49.95
"Timber, Doors & Sheet Material","MDF, Hardboard & Protection Sheets",8’X4′ 18mm Moisture Resistant MDF,39.95
"Timber, Doors & Sheet Material",Chipboard Flooring,8'X2' 18mm T&G W/R P5,12.95
"Timber, Doors & Sheet Material",Chipboard Flooring,8'X2' 22mm T&G W/R P5,14.95
"Timber, Doors & Sheet Material",Chipboard Flooring,8’x2′ Acoustic T&G Deck 26,36.95
"Timber, Doors & Sheet Material",Roof Battens,4.8MTR 25X38 Roof Battens Regularised Treated C24,2.31
"Timber, Doors & Sheet Material",Roof Battens,4.8MTR 19X38 Roof Battens Regularised Treated C24,1.76
"Timber, Doors & Sheet Material",Roof Battens,4.8MTR 2″ X 1″ Roof Battens Regularised Treated C24,3.04
"Timber, Doors & Sheet Material",Roof Firrings,"3""-0"" Firrings 4.8 MTR",8.44
"Timber, Doors & Sheet Material",Roof Firrings,"3""-0"" Firrings 3.6 MTR",6.83
"Timber, Doors & Sheet Material",Roof Firrings,"4""-0"" Firrings 4.8 MTR",10.57
"Timber, Doors & Sheet Material",Roof Firrings,"4""-0"" Firrings 3.6 MTR",8.42
"Timber, Doors & Sheet Material",Roof Firrings,"6""-0"" Firrings 6 MTR",21.95
"Timber, Doors & Sheet Material",Carcassing Timber,"4.8MTR 2"" x 2"" Regularised Treated C24",4.37
"Timber, Doors & Sheet Material",Carcassing Timber,"3MTR 2"" X 2"" Regularised Treated C24",2.73
"Timber, Doors & Sheet Material",Carcassing Timber,4.8MTR 3″ x 2″ Regularised Treated C24,6.55
"Timber, Doors & Sheet Material",Carcassing Timber,3.6MTR 3″ x 2″ Regularised Treated C24,4.91
"Timber, Doors & Sheet Material",Carcassing Timber,3MTR 3″ x 2″ Regularised Treated C24,4.10
"Timber, Doors & Sheet Material",Carcassing Timber,4.8MTR 4″ x 3″ Regularised Treated C24,13.94
"Timber, Doors & Sheet Material",Carcassing Timber,6MTR 4″ x 2″ Regularised Treated C24,12.19
"Timber, Doors & Sheet Material",Carcassing Timber,4.8MTR 4″ x 2″ Regularised Treated C24,8.74
"Timber, Doors & Sheet Material",Carcassing Timber,3.6MTR 4″ x 2″ Regularised Treated C24,6.55
"Timber, Doors & Sheet Material",Carcassing Timber,3MTR 4″ x 2″ Regularised Treated C24,5.46
"Timber, Doors & Sheet Material",Carcassing Timber,4.8MTR 5″ x 2″ Regularised Treated C24,10.92
"Timber, Doors & Sheet Material",Carcassing Timber,3.6MTR 5″ x 2″ Regularised Treated C24,8.19
"Timber, Doors & Sheet Material",Carcassing Timber,3MTR 6″ x 2″ Regularised Treated C24,8.19
"Timber, Doors & Sheet Material",Carcassing Timber,6MTR 6″ x 2″ Regularised Treated C24,18.28
"Timber, Doors & Sheet Material",Carcassing Timber,4.8MTR 6″ x 2″ Regularised Treated C24,13.11
"Timber, Doors & Sheet Material",Carcassing Timber,6MTR 6″ x 3″ Regularised Treated C24,29.17
"Timber, Doors & Sheet Material",Carcassing Timber,3.6MTR 6″ x 2″ Regularised Treated C24,9.83
"Timber, Doors & Sheet Material",Carcassing Timber,6MTR 7″ x 2″ Regularised Treated C24,21.32
"Timber, Doors & Sheet Material",Carcassing Timber,4.8MTR 7″ x 2″ Regularised Treated C24,15.29
"Timber, Doors & Sheet Material",Carcassing Timber,3.6MTR 7″ x 2″ Regularised Treated C24,11.47
"Timber, Doors & Sheet Material",Carcassing Timber,6MTR 8″ x 2″ Regularised Treated C24,24.37
"Timber, Doors & Sheet Material",Carcassing Timber,4.8MTR 8″ x 2″ Regularised Treated C24,17.48
"Timber, Doors & Sheet Material",Carcassing Timber,6MTR 8″ x 3″ Regularised Treated C24,38.89
"Timber, Doors & Sheet Material",Carcassing Timber,3.6MTR 8″ x 2″ Regularised Treated C24,13.11
"Timber, Doors & Sheet Material",Carcassing Timber,6MTR 9″ x 2″ Regularised Treated C24,27.42
"Timber, Doors & Sheet Material",Carcassing Timber,4.8MTR 9″ x 2″ Regularised Treated C24,19.66
"Timber, Doors & Sheet Material",Carcassing Timber,6MTR 9″ x 3″ Regularised Treated C24,43.75
"Timber, Doors & Sheet Material",Carcassing Timber,3.6MTR 9″ x 2″ Regularised Treated C24,14.75
"Timber, Doors & Sheet Material",Skirting,18x144mm Primed MDF Torus Skirting 4.4M,19.95
"Timber, Doors & Sheet Material",Skirting,18x144mm Primed MDF Ogee Skirting 4.4M,19.95
"Timber, Doors & Sheet Material",Skirting,18x144mm Primed MDF Shadow Groove Skirting 4.4M,19.95
"Timber, Doors & Sheet Material",Skirting,18x94mm Primed MDF Chamf/Pencil Round Dual Skirting 4.4M,14.95
"Timber, Doors & Sheet Material",Architrave,18x68mm Primed MDF Chamfered Architrave 4.4M,9.95
"Timber, Doors & Sheet Material",Architrave,18x68mm Primed MDF Torus Architrave 4.4M,9.95
"Timber, Doors & Sheet Material",Architrave,18x68mm Primed MDF Ogee Architrave 4.4M,9.95
"Timber, Doors & Sheet Material",Architrave,18x68mm Primed MDF Shadow Groove Architrave 4.4M,9.95
"Timber, Doors & Sheet Material",Window Board,25x244mm Primed MDF N&T Window Board 3.66m,37.95
"Timber, Doors & Sheet Material",Fire Doors,"Fire Check Door 33""",49.95
"Timber, Doors & Sheet Material",Fire Doors,"Fire Check Door 32""",49.95
"Timber, Doors & Sheet Material",Fire Doors,"Fire Check Door 30""",49.95
"Timber, Doors & Sheet Material",Fire Doors,"Fire Check Door 27""",49.95
"Timber, Doors & Sheet Material",Door Linings,38 x 140mm Softwood Firecheck Lining With Stops 30mm Fin,34.95
"Timber, Doors & Sheet Material",Door Linings,32 x 140mm Door Lining Set Without Stops,34.95
"Timber, Doors & Sheet Material",Door Linings,32 x 115mm Door Lining Set Without Stops,24.95
"Timber, Doors & Sheet Material",Door Linings,32 x 115mm Door Lining Set Without Stops,22.95
"Timber, Doors & Sheet Material",Door Stops,Lengths 32mm x 38mm Firecheck Door Stop 4.2mtr,9.95
"Timber, Doors & Sheet Material",Door Stops,Lengths 16mm x 38mm Door Stop 4.2mtr,4.20
"Fixings, Adhesives & Sealants",Wallbolts,M16 150mm Rawl Bolt,3.95
"Fixings, Adhesives & Sealants",Wallbolts,M12 Rawl Bolt-150mm,2.75
"Fixings, Adhesives & Sealants",Wallbolts,M12 Rawl Bolt-125mm,2.25
"Fixings, Adhesives & Sealants",Wallbolts,M12 Rawl Bolt-100mm,1.65
"Fixings, Adhesives & Sealants",Wallbolts,M10 Rawl Bolt-150mm,2.45
"Fixings, Adhesives & Sealants",Wallbolts,M10 Rawl Bolt-125mm,1.95
"Fixings, Adhesives & Sealants",Wallbolts,M10 Rawl Bolt-100mm,1.45
"Fixings, Adhesives & Sealants","Carriage Bolts, Nuts & Washers",Cup Square Hex Bzp Pouch,9.95
"Fixings, Adhesives & Sealants","Carriage Bolts, Nuts & Washers",M10 X 130 Cup Square Hex Bzp Pouch,9.95
"Fixings, Adhesives & Sealants","Carriage Bolts, Nuts & Washers",M10 X 150 Cup Square Hex Bzp Pouch,9.95
"Fixings, Adhesives & Sealants","Carriage Bolts, Nuts & Washers",M10 X 180 Cup Square Hex Bzp Pouch,9.95
"Fixings, Adhesives & Sealants","Carriage Bolts, Nuts & Washers",M10 X 200 Cup Square Hex Bzp Pouch,9.95
"Fixings, Adhesives & Sealants","Carriage Bolts, Nuts & Washers",M12 X 100 Cup Square Hex Bzp Pouch,9.95
"Fixings, Adhesives & Sealants","Carriage Bolts, Nuts & Washers",M12 X 130 Cup Square Hex Bzp Pouch,9.95
"Fixings, Adhesives & Sealants","Carriage Bolts, Nuts & Washers",M12 X 150 Cup Square Hex Bzp Pouch,9.95
"Fixings, Adhesives & Sealants","Carriage Bolts, Nuts & Washers",M12 X 180 Cup Square Hex Bzp Pouch,9.95
"Fixings, Adhesives & Sealants","Carriage Bolts, Nuts & Washers",M12 X 200 Cup Square Hex Bzp Pouch,9.95
"Fixings, Adhesives & Sealants","Carriage Bolts, Nuts & Washers",M12 Heavy Duty Square Washer,0.39
"Fixings, Adhesives & Sealants","Carriage Bolts, Nuts & Washers",M6 X 1M Studding,1.75
"Fixings, Adhesives & Sealants","Carriage Bolts, Nuts & Washers",M8 X 1M Studding,1.95
"Fixings, Adhesives & Sealants","Carriage Bolts, Nuts & Washers",M10 X 1M Studding,2.50
"Fixings, Adhesives & Sealants","Carriage Bolts, Nuts & Washers",M12 X 1M Studding,3.95
"Fixings, Adhesives & Sealants","Carriage Bolts, Nuts & Washers",M16 X 1M Studding,5.95
"Fixings, Adhesives & Sealants","Carriage Bolts, Nuts & Washers",M18 X 1M Studding,6.50
"Fixings, Adhesives & Sealants","Carriage Bolts, Nuts & Washers",M20 X 1M Studding,6.95
"Fixings, Adhesives & Sealants",,750ml Fire Rated Expanding Foam (Hand Held),10.95
"Fixings, Adhesives & Sealants",,750ml Fire Rated Expanding Foam (Gun Grade),10.95
"Fixings, Adhesives & Sealants",,750ml Fire Rated Expanding Foam (Gun Grade),14.95
"Fixings, Adhesives & Sealants",,750ml Expanding Foam (Hand Held),6.95
"Fixings, Adhesives & Sealants",,750ml Expanding Foam (Gun Grade),4.95
"Fixings, Adhesives & Sealants",,Tube Anchor Bond,5.95
"Fixings, Adhesives & Sealants",Gun Nails,Viper St Galv'd Fuel Pack (2200) 90 x 3.1mm,59.95
"Fixings, Adhesives & Sealants",Gun Nails,75 X 3.1Mm Champion Rg Galv'd Fuel Pack (2200),59.95
"Fixings, Adhesives & Sealants",Gun Nails,Viper Rg Galv'd Fuel Pack (3300)-63×2.8mm,59.95
"Fixings, Adhesives & Sealants",Gun Nails,Viper Rg Galv'd Fuel Pack (3300)-51×2.8mm,59.95
"Fixings, Adhesives & Sealants",Copper Nails,Pack Of 100 Copper Disc Rivets 20mm,10.95
"Fixings, Adhesives & Sealants",Copper Nails,Copper Clout Nails 1Kg-38X2.65mm,19.95
"Fixings, Adhesives & Sealants",Copper Nails,Copper Clout Nails 1Kg-30X2.65mm,19.95
"Fixings, Adhesives & Sealants",Galvanised Clout Nails,Galv Sq Twist Nail 2.5Kg 30X3.75mm Tub,14.95
"Fixings, Adhesives & Sealants",Galvanised Clout Nails,Galv Clout Nail Tub-2.5KG 65X2.65MM,14.95
"Fixings, Adhesives & Sealants",Galvanised Clout Nails,Galv Clout Nail Tub-2.5KG 50X2.65MM,14.95
"Fixings, Adhesives & Sealants",Galvanised Clout Nails,Galv Clout Nail Tub-2.5KG 40X2.65MM,14.95
"Fixings, Adhesives & Sealants",Galvanised Clout Nails,1Kg Galv Elh Clout Nail 20X3.00mm,9.95
"Fixings, Adhesives & Sealants",Bright Round Wire Nails,Glv Round Wire Nail 2.5Kg 150X6.0mm Tub,14.95
"Fixings, Adhesives & Sealants",Bright Round Wire Nails,Bright Round Wire Nail-2.5KG 75X3.75MM,12.95
"Fixings, Adhesives & Sealants",Bright Round Wire Nails,Bright Round Wire Nail-2.5KG 65X3.35MM,12.95
"Fixings, Adhesives & Sealants",Bright Round Wire Nails,Bright Round Wire Nail-2.5KG 50X3.35MM,12.95
"Fixings, Adhesives & Sealants",Bright Round Wire Nails,Bright Round Wire Nail-2.5KG 100X4.5MM,12.95
"Fixings, Adhesives & Sealants",,Rapidflex Floor Tile Adhesive 20Kg,16.95
"Fixings, Adhesives & Sealants",,Rapid Set Tile Adhesive 20Kg,12.95
"Fixings, Adhesives & Sealants",,Box Plasplugs H/D Multifix,35.95
"Fixings, Adhesives & Sealants",,Box Plasplugs Standard Multifix,35.95
"Fixings, Adhesives & Sealants",,Pack Plasplugs H/D Multifix (20 in Pack),1.25
"Fixings, Adhesives & Sealants",,Pack Plasplugs Standard Multifix (40 in Pack),35.95
"Fixings, Adhesives & Sealants",Concrete Screws,Concrete Frame Fixing Screws-M7.5 X 102mm (Qty 100),11.95
"Fixings, Adhesives & Sealants",Concrete Screws,Concrete Frame Fixing Screws-M7.5 X 122mm (Qty 100),13.95
"Fixings, Adhesives & Sealants",Decking Screws,75mm Decking Screws Tub (200),14.95
"Fixings, Adhesives & Sealants",Decking Screws,60mm Decking Screws Tub (350),14.95
"Fixings, Adhesives & Sealants",Decking Screws,50mm Decking Screws Tub (500),16.95
"Fixings, Adhesives & Sealants",Decking Screws,4.5 X 75mm - (200) Decking Screws,8.95
"Fixings, Adhesives & Sealants",Decking Screws,4.5 X 60mm - (200) Decking Screws,8.95
"Fixings, Adhesives & Sealants",Decking Screws,4.5 X 50mm - (200) Decking Screws,8.95
"Fixings, Adhesives & Sealants",Plasterboard Drywall Screws,Drywall Zy Wafer Head Self Drill 4.2x13mm (1000),21.95
"Fixings, Adhesives & Sealants",Plasterboard Drywall Screws,Csk Plusdriv Zp Self Tapping Screws (200 Qty)-13mm,6.95
"Fixings, Adhesives & Sealants",Plasterboard Drywall Screws,CSK Plusdriv Zp Self Tapping Screws (200 Qty)-38mm,9.95
"Fixings, Adhesives & Sealants",Plasterboard Drywall Screws,25mm Drywall Screws – (200),4.50
"Fixings, Adhesives & Sealants",Plasterboard Drywall Screws,32mm Drywall Screws – (200),4.50
"Fixings, Adhesives & Sealants",Plasterboard Drywall Screws,38mm Drywall Screws – (200),4.50
"Fixings, Adhesives & Sealants",Plasterboard Drywall Screws,42mm Drywall Screws – (200),4.50
"Fixings, Adhesives & Sealants",Plasterboard Drywall Screws,50mm Drywall Screws – (200),4.50
"Fixings, Adhesives & Sealants",Plasterboard Drywall Screws,25mm Drywall Screws – (1000),10.95
"Fixings, Adhesives & Sealants",Plasterboard Drywall Screws,32mm Drywall Screws – (1000),10.95
"Fixings, Adhesives & Sealants",Plasterboard Drywall Screws,38mm Drywall Screws – (1000),10.95
"Fixings, Adhesives & Sealants",Plasterboard Drywall Screws,42mm Drywall Screws – (1000),10.95
"Fixings, Adhesives & Sealants",Plasterboard Drywall Screws,50mm Drywall Screws – (1000),10.95
"Fixings, Adhesives & Sealants",Plasterboard Drywall Screws,65mm Drywall Screws – (500),10.95
"Fixings, Adhesives & Sealants",Plasterboard Drywall Screws,75mm Drywall Screws – (500),10.95
"Fixings, Adhesives & Sealants",Plasterboard Drywall Screws,100mm Drywall Screws – (200),10.95
"Fixings, Adhesives & Sealants",Timber Drive,7mm X 250mm Timberdrive Screws (10),9.95
"Fixings, Adhesives & Sealants",Timber Drive,7mm X 200mm Timberdrive Screws (50),26.95
"Fixings, Adhesives & Sealants",Timber Drive,7mm X 150mm Timberdrive Screws (50),18.95
"Fixings, Adhesives & Sealants",Timber Drive,7mm X 100mm Timberdrive Screws (50),12.95
"Fixings, Adhesives & Sealants",Wood Screws,4x25mm Vortex Power Wood Screws (200),4.95
"Fixings, Adhesives & Sealants",Wood Screws,4x30mm Vortex Power Wood Screws (200),4.95
"Fixings, Adhesives & Sealants",Wood Screws,4x40mm Vortex Power Wood Screws (200),5.95
"Fixings, Adhesives & Sealants",Wood Screws,4x50mm Vortex Power Screws (200),6.95
"Fixings, Adhesives & Sealants",Wood Screws,4x70mm Vortex Power Wood Screws (100),7.95
"Fixings, Adhesives & Sealants",Wood Screws,5x40mm Vortex Power Wood Screws (200),6.95
"Fixings, Adhesives & Sealants",Wood Screws,5x50mm Vortex Power Wood Screws (200),7.95
"Fixings, Adhesives & Sealants",Wood Screws,5x60mm Vortex Power Wood Screws (200),7.95
"Fixings, Adhesives & Sealants",Wood Screws,5x70mm Vortex Power Wood Screws (200),8.95
"Fixings, Adhesives & Sealants",Wood Screws,5x80mm Vortex Power Wood Screws (100),8.95
"Fixings, Adhesives & Sealants",Wood Screws,5x90mm Vortex Power Wood Screws (100),8.95
"Fixings, Adhesives & Sealants",Wood Screws,5x100mm Vortex Power Wood Screws (100),8.95
"Fixings, Adhesives & Sealants",Wood Screws,5X80mm Vortex Power Wood Screws Tub (700),34.95
"Fixings, Adhesives & Sealants",Wood Screws,5X70mm Vortex Power Wood Screws Tub (800),32.95
"Fixings, Adhesives & Sealants",Wood Screws,5x50mm Vortex Power Wood Screws Tub (1000),29.95
"Fixings, Adhesives & Sealants",Wood Screws,5x100mm Vortex Power Wood Screws Tub (600),38.95
"Fixings, Adhesives & Sealants",Wood Screws,6x100mm Vortex Power Wood Screws (100),8.95
"Fixings, Adhesives & Sealants",Wood Screws,6x130mm Vortex Power Wood Screws (100),16.95
"Fixings, Adhesives & Sealants",Wood Screws,6x150mm Vortex Power Wood Screws (100),19.95
"Fixings, Adhesives & Sealants",Wood Screws,6x200mm Vortex Power Wood Screws (100),24.95
"Fixings, Adhesives & Sealants",Wood Screws,Ulti - Mate Ii 5x50mm High Performance Screws (200),10.95
"Fixings, Adhesives & Sealants",Wood Screws,Ulti - Mate Ii High Performance Screws (200) 5X60mm,12.95
"Fixings, Adhesives & Sealants",Wood Screws,Ulti - Mate Ii High Performance Screws (200) 5X70mm,12.95
"Fixings, Adhesives & Sealants",Wood Screws,Ulti - Mate Ii 5x80mm High Performance Screws (200),14.95
"Fixings, Adhesives & Sealants",Wood Screws,Ulti - Mate Ii 5X90mm High Performance Screws (200),12.95
"Fixings, Adhesives & Sealants",Wood Screws,Ulti - Mate Ii 5x100mm High Performance Screws (100),12.95
"Fixings, Adhesives & Sealants",,Powergrab N Bond,12.95
"Fixings, Adhesives & Sealants",,CT1-Anthracite,10.95
"Fixings, Adhesives & Sealants",,CT1-Black,10.95
"Fixings, Adhesives & Sealants",,CT1-Clear,10.95
"Fixings, Adhesives & Sealants",,CT1-Grey,10.95
"Fixings, Adhesives & Sealants",,Tube Decoraters Caulk,2.95
"Fixings, Adhesives & Sealants",,Tube Gripfill Solvent Adhesive (Green),3.95
"Fixings, Adhesives & Sealants",,Tube Fire Sealant 300 Intumescent White 380ml,9.95
"Fixings, Adhesives & Sealants",,Tube Lead Sealant,3.95
"Fixings, Adhesives & Sealants",,Tube Ac50 Acoustic Sealant & Adhesive,3.95
"Fixings, Adhesives & Sealants",,Pu30 Chipboard Wood Adhesive Glue 750g,10.95
"Fixings, Adhesives & Sealants",,Multi-mate Gp Silicone - Clear,3.50
"Fixings, Adhesives & Sealants",,Multi-mate Gp Silicone - White,3.50
"Fixings, Adhesives & Sealants",,Multi-mate Gp Silicone - Black,3.50
Tools,,OX 100ml One Shot Oil,1.95
Tools,,OX 15 Litre Heavy Duty Waterbottle,70.95
Tools,,"OX 750ML Permanent Line Marker Spray, Blue",5.95
Tools,,"OX 750ML Permanent Line Marker Spray, Red",5.95
Tools,,"OX 750ML Permanent Line Marker Spray, White",5.95
Tools,,"OX 750ML Permanent Line Marker Spray, Yellow",5.95
Tools,,OX Combination Rubber Mallet - 16 oz,9.95
Tools,,OX Combination Rubber Mallet - 24 oz,13.50
Tools,,OX Combination Rubber Mallet - 32 oz,16.95
Tools,,OX Deluxe Anti Mist Safety Goggles,6.50
Tools,,OX Disposable Ear Plugs - Un-Corded - 200 pk (200 single pai,29.95
Tools,,OX Disposable Masks - Non Toxic - 10Pk Blister,2.00
Tools,,OX FFP2 Moulded Cup Respirator - 3pk Blister,3.50
Tools,,OX FFP2V Moulded Cup Respirator - 2pk Blister,3.30
Tools,,OX FFP2V Moulded Cup Respirator / Valve - 10pk (5 packs of 2,14.95
Tools,,OX FFP3V Moulded Cup Respirator - 1pk Blister,3.50
Tools,,OX FFP3V Moulded Cup Respirator / Valve - 5pk (5 single pack,14.95
Tools,,OX Folding Collapsible Ear Defenders,6.95
Tools,,OX Honey Nubuck Safety Boot - Size 10,55.00
Tools,,OX Honey Nubuck Safety Boot - Size 11,55.00
Tools,,OX Honey Nubuck Safety Boot - Size 12,55.00
Tools,,OX Honey Nubuck Safety Boot - Size 7,55.00
Tools,,OX Honey Nubuck Safety Boot - Size 8,55.00
Tools,,OX Honey Nubuck Safety Boot - Size 9,55.00
Tools,,OX Indirect Vent Safety Goggles,3.95
Tools,,OX Latex Flex Glove Size 10 / XL,2.50
Tools,,OX Latex Flex Glove Size 9 / L,2.50
Tools,,OX Latex Grip Glove - Size 10 (XL),1.95
Tools,,OX Latex Grip Glove - Size 9 (L),1.95
Tools,,OX Nitrile Disposable Gloves Pack 100 - Large,11.95
Tools,,OX Nitrile Disposable Gloves Pack 100 - X Large,11.95
Tools,,OX Nitrile Flex Gloves - Size 10 (XL),1.95
Tools,,OX Nitrile Flex Gloves - Size 9 (L),1.95
Tools,,OX Polycarbonate Face Shield,8.95
Tools,,OX Pro 10 Pack Heavy Duty Knife Blades & Dispenser,2.50
Tools,,"OX Pro 10"" Straight Tin Snips",18.95
Tools,,OX Pro 100 Pack Heavy Duty Knife Blades & Dispenser,11.95
Tools,,"OX Pro 12"" Hacksaw Blades 18 TPI Pack 4",5.95
Tools,,"OX Pro 12"" Hacksaw Blades 24 TPI Pack 4",5.95
Tools,,"OX Pro 12"" Hacksaw Blades 32 TPI Pack 4",5.95
Tools,,OX Pro 12mm Notch Trowel,18.95
Tools,,"OX Pro 19""/49cm Toolbox",17.95
Tools,,OX Pro 25 Litre Plasterers Bucket,14.95
Tools,,OX Pro 25mm Scutch Combs - 4 pack,4.50
Tools,,OX Pro 2CM Porcelain Cutting Blade - 300/20mm,64.95
Tools,,Ox Pro 2CM Porcelain Cutting Blade 115/22.23mm,14.95
Tools,,Ox Pro 2CM Porcelain Cutting Blade 230/22.23mm,34.95
Tools,,OX Pro 38mm Scutch Combs - 4 pack,4.95
Tools,,OX Pro 5 Piece Wood Chisel Set in Velcro Case,68.25
Tools,,"OX Pro 5"" Replacement Scraper Blades - 10 pack",7.50
Tools,,OX Pro 50mm Scutch Combs - 4 pack,5.50
Tools,,"OX Pro 6"" Hacksaw Blades 24 TP1 Pack 10",6.95
Tools,,OX Pro 8mm Notch Trowel,18.95
Tools,,OX Pro Adjustable Tube Cutter 3 - 35mm,31.95
Tools,,"OX Pro Aluminium Hawk - 13"" X 13""",25.95
Tools,,OX Pro Aluminium Rafters Square - 180mm,10.95
Tools,,"OX Pro Bent Long Nose Pliers - 200mm (8"")",17.95
Tools,,"OX Pro Bolt Cutters 600MM / 24""",36.95
Tools,,OX Pro Bow Saw 21 inch / 533mm,20.95
Tools,,OX Pro Bow Saw Replacement Blade 21 inch / 533mm,2.95
Tools,,OX Pro Brick Carrier,27.50
Tools,,OX Pro Brick Hammer - 24 oz,27.95
Tools,,"OX Pro Brick Joint Raker 8½"" X 3""",9.95
Tools,,"OX Pro Brick Jointer 3/8"" X ½"" / 10 X 13mm",5.50
Tools,,"OX Pro Brick Jointer 5/8"" X ¾"" / 16 X 19mm",5.50
Tools,,"OX Pro Brick Jointer ½"" X 5/8"" / 13 X 16mm",5.50
Tools,,"OX Pro Brick Jointer ¾"" X 7/8"" / 19 X 22mm",5.95
Tools,,"OX Pro Brick Trowel Philadelphia Pattern - 10"" / 250mm",36.95
Tools,,"OX Pro Brick Trowel Philadelphia Pattern - 11"" / 280mm",30.95
Tools,,"OX Pro Brick Trowel Philadelphia Pattern - 12"" / 300mm",30.95
Tools,,"OX Pro Bucket Trowel - Carbon Steel - 7"" / 180mm",8.95
Tools,,"OX Pro Bucket Trowel - Stainless Steel - 7"" / 180mm",13.30
Tools,,OX Pro Carpenters Square & Angle Finder 300mm / 12in,12.95
Tools,,"OX Pro Cement Finishing Trowel - 16"" / 400mm",29.95
Tools,,OX Pro Chalk Refill 226g - Blue,4.50
Tools,,OX Pro Chalk Refill 226g - Red,4.50
Tools,,"OX Pro Claw Bar 10"" / 250mm",20.15
Tools,,OX Pro Claw Hammer - 16 oz,25.95
Tools,,OX Pro Claw Hammer - 20 oz,26.95
Tools,,OX Pro Club Hammer - 4 lb,32.95
Tools,,"OX Pro Combination Pliers - 180mm (7"")",16.95
Tools,,OX Pro Copper Pipe Cutter 15mm,14.95
Tools,,OX Pro Copper Pipe Cutter 22mm,16.50
Tools,,"OX Pro Diagonal Cutting Pliers - 160mm (6"")",18.95
Tools,,OX Pro Dry Wall Internal Corner Trowel 102 X 127mm,9.95
Tools,,"OX Pro Dry Wall Scarifier 250mm / 10""",12.95
Tools,,OX Pro Fibreglass Handle Claw Hammer - 20 oz,13.95
Tools,,OX Pro Fixed Blade Folding Knife,9.95
Tools,,"OX Pro Gauging Trowel - 7"" / 180mm",13.95
Tools,,"OX Pro Hand Saw 500mm / 20""",14.50
Tools,,"OX Pro Hand Saw 550mm / 22""",14.95
Tools,,OX Pro Harling Trowel - 165mm X 165mm,12.95
Tools,,OX Pro Heavy Duty 20L Flexi Tub,7.95
Tools,,OX Pro Heavy Duty 42L Flexi Tub,9.95
Tools,,OX Pro Heavy Duty 73L Flexi Tub,24.95
Tools,,OX Pro Heavy Duty Aviation Snips Left Handed (Red),20.50
Tools,,OX Pro Heavy Duty Aviation Snips Right Handed (Green),20.50
Tools,,OX Pro Heavy Duty Aviation Snips Straight (Yellow),20.50
Tools,,"OX Pro Heavy Duty Bar Clamp - 12"" / 300mm",24.95
Tools,,OX Pro Heavy Duty Multibit Ratchet Screwdriver,17.50
Tools,,OX Pro Heavy Duty Retractable Knife,14.25
Tools,,"OX Pro Heavy Duty Scraper 5""/127mm, 18"" handle & Hammer End",23.95
Tools,,OX Pro Heavy Duty Sealant Gun 400ml,22.95
Tools,,OX Pro Heavy Duty Wood Chisel - 10mm,12.95
Tools,,OX Pro Heavy Duty Wood Chisel - 13mm,13.05
Tools,,OX Pro Heavy Duty Wood Chisel - 16mm,13.25
Tools,,OX Pro Heavy Duty Wood Chisel - 19mm,13.50
Tools,,OX Pro Heavy Duty Wood Chisel - 22mm,13.75
Tools,,OX Pro Heavy Duty Wood Chisel - 25mm,13.95
Tools,,OX Pro Heavy Duty Wood Chisel - 32mm,14.95
Tools,,OX Pro Heavy Duty Wood Chisel - 38mm,15.95
Tools,,OX Pro Heavy Duty Wood Chisel - 6mm,12.75
Tools,,"OX Pro High Tension Hacksaw 12""",25.50
Tools,,OX Pro Joint Knife - 102mm,8.05
Tools,,OX Pro Joint Knife - 127mm,8.95
Tools,,OX Pro Joint Knife - 152mm,9.95
Tools,,OX Pro Joint Knife - 50mm,6.95
Tools,,OX Pro Joint Knife - 76mm,7.95
Tools,,OX Pro Level 1200mm,52.95
Tools,,OX Pro Level 1800mm,79.95
Tools,,OX Pro Level 2000mm,105.00
Tools,,OX Pro Level 600mm,42.95
Tools,,OX Pro Level 900mm,48.10
Tools,,"OX Pro Line Pins - 2pk 6"" / 152mm",6.50
Tools,,OX Pro Locking Pliers 9in/230mm,17.95
Tools,,"OX Pro Long Nose Pliers - 200mm (8"")",17.50
Tools,,OX Pro M14 Mixing Paddle - 135 x 650mm Negative Helix,26.95
Tools,,OX PRO TILE LEVEL SYSTEM - 100 WEDGES,16.95
Tools,,OX Pro Tile Level System 2 x 22mm Spacer,16.95
Tools,,OX Pro Tile Level System 3 x 22mm Spacer,18.95
Tools,,OX Pro Tile Level System 5 x 25mm Spacer,18.95
Tools,,"OX Pro Torpedo Level 9"" / 230mm",21.95
Tools,,OX Pro Tough 15L Bucket,6.50
Tools,,OX Pro Tough Nylon Braided Builders Line 105m / 350ft - Cyan,10.95
Tools,,"OX Pro Tough Torpedo Level 10"" / 250mm",39.95
Tools,,"OX Pro Tuck Pointer 6¾ x 1"" / 25mm",8.05
Tools,,"OX Pro Tuck Pointer 6¾"" x 3/8"" / 10mm",7.95
Tools,,"OX Pro Tuck Pointer 6¾"" x ¼"" / 8mm",7.95
Tools,,"OX Pro Tuck Pointer 6¾"" x ½"" / 12mm",7.95
Tools,,"OX Pro Tuck Pointer 6¾"" x ¾""/ 19mm",8.05
Tools,,OX Pro UltraFlex Finishing Trowel 14in / 355 x 110 mm,37.95
Tools,,OX Pro UltraFlex Finishing Trowel 16in / 405 x 110 mm,40.95
Tools,,"OX Pro Waterpump Pliers 250mm (10"")",21.95
Tools,,OX Pro Wide Head End Cutting Nippers - 200mm,22.95
Tools,,"OX Pro Wire Stripper Pliers - 160mm (6"")",19.95
Tools,,"OX Rain Suit - Black, Size Large",19.95
Tools,,"OX Rain Suit - Black, Size X Large",19.95
Tools,,OX Rubber Line Block,2.95
Tools,,OX Safety Glasses - Clear,3.95
Tools,,OX Safety Glasses - Smoked,3.95
Tools,,OX Safety Wellington Boot - Size 10,26.95
Tools,,OX Safety Wellington Boot - Size 11,26.95
Tools,,OX Safety Wellington Boot - Size 7,26.95
Tools,,OX Safety Wellington Boot - Size 8,26.95
Tools,,OX Safety Wellington Boot - Size 9,26.95
Tools,,OX Semi Flex Plastic Replacement Blades Pack 2 - 16 Inch,22.50
Tools,,OX Semi Flex Plastic Replacement Blades Pack 2 - 18 Inch,24.00
Tools,,OX Standard Ear Defenders - SNR 25DB,3.95
Tools,,OX Standard Safety Helmet - White,4.95
Tools,,OX Thermal Grip Gloves - Size 10 (XL),3.95
Tools,,OX Thermal Grip Gloves - Size 9 (L),3.95
Tools,,OX Trade 10m Tape Measure,9.95
Tools,,OX Trade 15L Black Bucket,2.95
Tools,,OX Trade 5m Tape Measure,3.50
Tools,,OX Trade 8m Tape Measure,4.95
Tools,,OX Trade Black Rubber Mallet - 16 oz,5.50
Tools,,OX Trade Black Rubber Mallet - 24 oz,5.95
Tools,,OX Trade Black Rubber Mallet - 32 oz,6.50
Tools,,"OX Trade Brick Bolster - 2 1/4"" / 58mm",5.95
Tools,,"OX Trade Brick Bolster - 3"" / 75mm",6.50
Tools,,"OX Trade Brick Bolster - 4"" / 100mm",7.95
Tools,,"OX Trade Brick Bolster With Guard - 2 ¼"" / 58mm",7.50
Tools,,"OX Trade Brick Bolster With Guard - 3"" / 75mm",8.95
Tools,,"OX Trade Brick Bolster With Guard - 4"" / 100mm",10.95
Tools,,"OX Trade Bucket Trowel - Wooden Handle 7"" / 180mm",3.95
Tools,,"OX Trade Cold Chisel - 1"" x 10"" / 25mm x 250mm",6.50
Tools,,"OX Trade Cold Chisel - 1"" x 12"" / 25mm x 300mm",6.95
Tools,,"OX Trade Cold Chisel - 1"" x 18"" / 25mm x 450mm",9.95
Tools,,"OX Trade Cold Chisel - ½"" X 6"" / 13mm x 150mm",1.95
Tools,,"OX Trade Cold Chisel - ¾"" X 10"" / 20mm x 250mm",3.75
Tools,,"OX Trade Cold Chisel - ¾"" X 12"" / 20mm x 300mm",3.95
Tools,,"OX Trade Cold Chisel - ¾"" X 18"" / 20mm x 450mm",6.50
Tools,,"OX Trade Cold Chisel - ¾"" X 8"" / 20mm x 200mm",3.50
Tools,,OX TRADE CROSS SHAPED TILE SPACERS (250),2.95
Tools,,OX TRADE CROSS SHAPED TILE SPACERS (250),2.95
Tools,,OX TRADE CROSS SHAPED TILE SPACERS (250),2.95
Tools,,OX Trade Double End Scutch Hammer - 28 oz,16.95
Tools,,OX Trade Drywall Rasp 250mm,15.95
Tools,,OX Trade Feather Edge 1200mm / 4`,29.95
Tools,,OX Trade Feather Edge 1800mm / 6`,41.95
Tools,,OX Trade Fibreglass Handle Club Hammer - 2.5 lb,11.50
Tools,,OX Trade Fibreglass Handle Club Hammer - 4 lb,14.95
Tools,,OX Trade Fibreglass Handle Sledge Hammer - 10 lb,35.95
Tools,,OX Trade Fibreglass Handle Sledge Hammer - 14 lb,37.95
Tools,,OX Trade Fibreglass Handle Sledge Hammer - 7 lb,26.95
Tools,,"OX Trade Gauging Trowel - Wooden Handle 7"" / 180mm",3.95
Tools,,OX Trade Heavy Duty Chalk Line Reel - 30m,8.95
Tools,,OX Trade Heavy Duty Retractable Utility Knife,7.95
Tools,,"OX Trade Jab Saw - 6.5"" / 165mm & Holster Pack",10.50
Tools,,OX Trade Level 1200mm,29.95
Tools,,OX Trade Level 1800mm,38.95
Tools,,OX Trade Level 600mm,20.95
Tools,,OX Trade Level 900mm,24.95
Tools,,OX Trade Manhole Cover Keys,8.50
Tools,,OX Trade Medium Red Carpenters Pencils 10 pk,5.25
Tools,,OX TRADE NOTCHED STAINLESS STEEL TROWEL,10.95
Tools,,OX TRADE NOTCHED STAINLESS STEEL TROWEL,10.95
Tools,,OX Trade Open Reel Tape Measure - 50m / 165ft,28.95
Tools,,OX Trade Plastic Finishing Trowel 16in / 405mm,18.95
Tools,,OX Trade Plugging Chisel - 230mm X 6mm,5.50
Tools,,"OX Trade Pointing Trowel - Wooden Handle 11"" / 280mm",12.95
Tools,,"OX Trade Pointing Trowel - Wooden Handle 6"" / 152mm",2.95
Tools,,OX Trade Pump Action Pressure Sprayer - 5 Litre,18.95
Tools,,OX Trade Radiator Key - 3pack,2.05
Tools,,OX Trade Render Scraper 250 x 130mm,11.95
Tools,,OX Trade Retractable Knife,5.99
Tools,,OX Trade Snap Off Knife 18mm,7.95
Tools,,OX Trade Solid Forged 4 Prong Fork,26.95
Tools,,OX Trade Solid Forged Cable Layinh Shovel,26.95
Tools,,OX Trade Solid Forged Draining Shovel,26.95
Tools,,OX Trade Solid Forged Square Mouth Shovel,18.95
Tools,,OX Trade Solid Forged Taper Mouth Shovel,21.95
Tools,,OX Trade Solid Forged Treaded Digging Spade,26.95
Tools,,OX Trade Solid Forged Trenching Shovel,18.95
Tools,,OX TRADE TILE CLEANER (120x250MM),13.70
Tools,,OX Trade Torpedo Level 230mm,10.95
Tools,,OX TRADE WASH KIT (24L),39.95
Tools,,"OX Trade Wrecking Bar - 18"" / 450mm",5.50
Tools,,"OX Trade Wrecking Bar - 24"" / 600mm",7.95
Tools,,OX Twin Filter Cartridges in Hang bag - ABEK1 Filters,19.95
Tools,,OX Twin Filter Cartridges in Hang bag - P2 Filters,9.95
Tools,,OX Twin Filter Cartridges in Hang bag - P3 Filters,16.50
Tools,,OX Type 5/6 Disposable Coverall - Size L,4.95
Tools,,OX Type 5/6 Disposable Coverall - Size XL,4.95
Tools,,"OX Wood Cutting Circular Saw Blade 160/20mm, 20 Teeth ATB",8.95
Tools,,"OX Wood Cutting Circular Saw Blade 160/20mm, 40 Teeth ATB",12.95
Tools,,"OX Wood Cutting Circular Saw Blade 184/30mm, 28 Teeth ATB",17.95
Tools,,"OX Wood Cutting Circular Saw Blade 184/30mm, 40 Teeth ATB",19.95
Tools,,"OX Wood Cutting Circular Saw Blade 190/30mm, 20 Teeth ATB",17.50
Tools,,"OX Wood Cutting Circular Saw Blade 190/30mm, 40 Teeth ATB",20.95
Tools,,"OX Wood Cutting Circular Saw Blade 210/30mm, 40 Teeth ATB",22.95
Tools,,"OX Wood Cutting Circular Saw Blade 235/30mm, 28 Teeth ATB",26.95
Tools,,"OX Wood Cutting Circular Saw Blade 235/30mm, 40 Teeth ATB",28.95
Tools,,"OX Wood Cutting Thin Kerf Circular Saw Blade 165/20mm, 24 Te",10.95
Tools,,"OX Wood Cutting Thin Kerf Circular Saw Blade 165/20mm, 40 Te",13.95
Tools,,HAMILTON PRESTIGE PAINT BRUSH PURE SYNTHETIC 25MM,4.12
Tools,,HAMILTON PRESTIGE PAINT BRUSH PURE SYNTHETIC 38MM,5.76
Tools,,HAMILTON PRESTIGE PAINT BRUSH PURE SYNTHETIC 50MM,8.24
Tools,,HAMILTON PRESTIGE PAINT BRUSH PURE SYNTHETIC 75MM,14.84
Tools,,ROLLER AND TRAY SET 112MM,3.50
Tools,,ROLLER AND TRAY SET 225MM,4.95
Tools,,100MM ALUMINIUM FOIL TAPE,12.95
Tools,,50MM ALUMINIUM FOIL TAPE,8.95
Tools,,50MM MASKING TAPE 50MTR,4.95
Tools,,GAFFA TAPE SILVER 50MM X 50M,4.95
Tools,,130CM SWAN NECK SHOVEL,17.95
Tools,,330mm BROOM HEAD & HANDLE,6.95
Tools,,450mm BROOM HEAD & HANDLE,8.95
Tools,,600mm BROOM HEAD & HANDLE,10.95
Tools,,BUILDERS SHOVEL,14.95
Tools,,Contractor 85L Black Pneumatic Wheelbarrow,49.95
Tools,,DIGGING BAR 1750MM,38.95
Tools,,DIGGING HOE,14.95
Tools,,IRWIN JACK SAW 880 HARDPOINT 500MM,9.95
Tools,,MIXING BATH TUB,28.95
Tools,,MIXING TRAY,18.95
Tools,,PICK AXE HANDLE,10.95
Tools,,PICK AXE HEAD,10.95
Tools,,POST HOLE DIGGER,36.95
Tools,,RUBBLE BAGS,0.29
Tools,,TAMPER FORGED,29.95
Tools,,TARMAC RAKE FORGED,24.95
Tools,,"OX Wood Cutting Circular Saw Blade 235/30mm, 40 Teeth ATB",13.37
Tools,,"OX Wood Cutting Thin Kerf Circular Saw Blade 165/20mm, 24 Te",4.93
Tools,,"OX Wood Cutting Thin Kerf Circular Saw Blade 165/20mm, 40 Te",6.52
Tools,,Spectrum Superior Turbo Dia Blade - Multi-Steel - 115/22.23m,12.45
Tools,,Spectrum Superior Turbo Dia Blade - Multi-Steel - 230/22.23m,29.45
Tools,,Spectrum Superior Turbo Dia Blade - Multi-Steel - 300/20mm,49.95
Tools,,OX 15 Litre Heavy Duty Waterbottle,28.75